dataset,method,tau,layers,selection,best_epoch,label,recall@3,ndcg@3,arhr@3,recall@5,ndcg@5,arhr@5,recall@10,ndcg@10,arhr@10,recall@20,ndcg@20,arhr@20,recall@50,ndcg@50,arhr@50
amazon-music,LightGCN,,,test-frame,370,amazon-music__lightgcn,0.10156135427805682,0.09275668082541468,,0.13609373675932607,0.10578209313628328,,0.20219459393833458,0.12817216796251785,,0.2891100181280622,0.15246889799954697,,0.41973964152293924,0.18232379513064814,
amazon-music,LightGCN,,,test-frame,320,lightgcn__amazon-music,0.0995738683194673,0.09142315421414712,,0.13403733723000077,0.10426887669664364,,0.19910447576831267,0.1263215983198154,,0.28596450915295557,0.1508572219897013,,0.4288945615669927,0.18359184805137146,
amazon-music,LightGCN,,1,val-best-recall@20,160,lightgcn__L1,0.07992542843863336,0.07289569713701469,0.052796537753501724,0.10722433932939492,0.08261604495328115,0.0589524177170489,0.16158312421888366,0.10130848322073842,0.06614254849827304,0.23464101429007297,0.12220114472365018,0.07117886163851476,0.35390397056987993,0.14963202142763926,0.0749992243715363
amazon-music,LightGCN,,2,val-best-recall@20,250,lightgcn__L2,0.08999561609584646,0.08148979297099429,0.05996803898783105,0.11908622482846855,0.09229744855659598,0.06660422088937708,0.1795862222355318,0.11305644420151949,0.07450660150356056,0.25490333574995494,0.13437429405905565,0.07964341961049612,0.3821103617569179,0.1636055674271602,0.08370781796201147
amazon-music,LightGCN,,3,val-best-recall@20,360,lightgcn__L3,0.08972958294312243,0.08201683507733964,0.06022082005601616,0.12449360606644802,0.09516114468420454,0.0681084105597602,0.18573410552238734,0.11610306493812261,0.07616088475439668,0.26092924602490897,0.13733906812706587,0.08126636745114474,0.3880903286835247,0.16661178975628174,0.0853509509770974
amazon-music,LightGCN,,4,val-best-recall@20,430,lightgcn__L4,0.0916531664229745,0.08328952494611545,0.060968443749350634,0.12366410994797965,0.0952424898406113,0.06809506648404193,0.1859738466758862,0.11626047287675234,0.0762917678621129,0.2675122218840912,0.13923422889931586,0.08186600333492429,0.39526435216081046,0.168745883860416,0.08597304489050821
amazon-music,hccf,,,test-frame,600,hccf__amazon-music,0.006995274167353141,0.006619056186734611,,0.011357070008787572,0.008346480734127528,,0.016142078895142825,0.009887071198874995,,0.02604727807937237,0.012728375166404763,,0.04405741576525161,0.01674829626452625,
amazon-music,hccf,,,test-frame,600,hccf__amazon-music,0.006995274167353141,0.006619056186734611,,0.011080419326382556,0.00823138473265135,,0.015896167177449478,0.009797707593626344,,0.026039900727841576,0.01270732582053106,,0.04457431572448203,0.016850528639242936,
amazon-music,hccf,,,test-frame,600,hccf__amazon-music__clw0.001,0.007708086873985065,0.00709678746085126,,0.011823745322666406,0.008691873997752637,,0.021921606914280998,0.012288878235040254,,0.03792231761139823,0.016809957078965286,,0.0752512534606211,0.025224636041951277,
amazon-music,hccf,,,test-frame,600,hccf__amazon-music__clw1e-05,0.00761586997985006,0.007072188275804075,,0.011981831426897845,0.008754270935497225,,0.021967715361348502,0.012322119386988087,,0.037913095921984726,0.016811924174028783,,0.07502480606539136,0.02518861931837752,
amazon-music,hccf,,,test-frame,600,hccf__amazon-music__clw0.1,0.007646608944561729,0.007029364163805367,,0.012148553716453039,0.008823640808028966,,0.021445152961250137,0.012107139736012563,,0.038302456141665865,0.016869723718888403,,0.0748561312856292,0.025121258734236335,
amazon-music,hccf,,3,test-frame,160,base__amazon-music__hccf__L3__tst,0.0014654102813453605,0.0015586860651786755,0.0010770746938212816,0.002387579222695416,0.0018927625697150348,0.0012799518609182942,0.005078426863854425,0.002835474277910898,0.00163984229748146,0.009265842079329015,0.004060878191223848,0.0019321144886087814,0.02335089024387337,0.0071696730519004315,0.0023493281180925665
amazon-music,hccf,,3,val-best-recall@20,180,base__amazon-music__hccf__L3__val,0.0016985872850867317,0.0015667845710976096,0.0010369676636736763,0.0024916525746477795,0.0019170424262409467,0.0012179433184136244,0.004578003837149583,0.0026585158738935263,0.001491463084668146,0.009202915027283556,0.003915960302868138,0.0017909254715590664,0.024320674422274622,0.007260460063576597,0.0022503906787204723
amazon-music,lightccn_multi,,,test-frame,160,amazon-music__derived_ef__signed__global__ho_user,0.10256671297716097,0.09420538516938964,,0.13970130495339733,0.10811427281099967,,0.20042935451762042,0.12819322468747105,,0.2714026499750665,0.1480905473348603,,0.38527104379646065,0.17423778424004002,
amazon-music,lightccn_multi,,,test-frame,160,amazon-music__stateful_e__signed__global__ho_user,0.10110487688921975,0.09271046097351157,,0.13844112608410045,0.10689538295009175,,0.19978133522017694,0.12728393859431725,,0.2722831059720821,0.1476384976521846,,0.38676152246532547,0.17392466077398264,
amazon-music,lightccn_multi,,,test-frame,170,amazon-music__stateful_e__softplus__global__ho_both,0.09904549870022926,0.09106223165595222,,0.13569357942517465,0.10530855063600943,,0.19826873630297068,0.12653920200229726,,0.27100674173013356,0.1469366170631261,,0.38541340217989456,0.1731590405493994,
amazon-music,lightccn_multi,,,test-frame,310,amazon-music__stateful_ef__softmax__global__ho_item,0.0997703293615866,0.08971783989426976,,0.13591303825728523,0.10351955213642274,,0.20128598025219294,0.12543001684629343,,0.2823789589276948,0.14828009635349054,,0.4032701788797782,0.17616844792370784,
amazon-music,lightccn_multi,,,test-frame,120,amazon-music__stateful_ef__signed__global__ho_both,0.0984495792128653,0.09054148511666196,,0.13432608384251873,0.10437972813991554,,0.19795564804068494,0.1259314946234722,,0.27062089548588375,0.14649579506045074,,0.38807296841019273,0.1733010282432265,
amazon-music,lightccn_multi,,,test-frame,160,amazon-music__stateful_ef__softplus__global__ho_item,0.09846748094398458,0.09025189582329417,,0.13589940518506452,0.10461980432262802,,0.19509273894831394,0.12478355141406453,,0.26772762372234893,0.14512525583872926,,0.3824585759067544,0.17127695244616836,
amazon-music,lightccn_multi,,,test-frame,150,amazon-music__stateful_ef__signed__global__ho_item,0.09743950949757127,0.0898315864062206,,0.13280856954273834,0.10343318026610161,,0.19409307032392453,0.12427005791446928,,0.26482562338857524,0.1439070682737047,,0.3806478130149672,0.1704253486228132,
amazon-music,lightccn_multi,,,test-frame,240,amazon-music__derived_e__softmax__global__ho_item,0.09869740442053669,0.0882986909841504,,0.13449330295671824,0.10191742485230816,,0.20107240603723997,0.12435816691955393,,0.27938147559655624,0.14635003201999838,,0.4127685470307471,0.17692178105548007,
amazon-music,lightccn_multi,,,test-frame,340,amazon-music__derived_e__softmax__global__ho_user,0.10437371711290917,0.0941748701422387,,0.14090633082127463,0.10829115903172548,,0.20611137446708075,0.13048107949356966,,0.2856969101304923,0.15254139857921914,,0.4042427694699891,0.17997020366246172,
amazon-music,lightccn_multi,,,test-frame,150,amazon-music__derived_ef__signed__global__ho_item,0.09753608650702877,0.08987632671575363,,0.13725427080177854,0.10505069174504318,,0.19967749749322483,0.12608455154244816,,0.2716686269028581,0.14621451018108392,,0.38962664720346646,0.17333216511156968,
amazon-music,lightccn_multi,,,test-frame,240,amazon-music__stateful_e__softmax__global__ho_item,0.0986873419867122,0.08841615278997327,,0.13426345140124885,0.10201522212072368,,0.19887340441786616,0.1237862584906257,,0.27924136895212676,0.14644184106212624,,0.41199896195904817,0.1769071711552069,
amazon-music,lightccn_multi,,,test-frame,160,amazon-music__stateful_e__softplus__global__ho_item,0.10088457140471288,0.09212819788014667,,0.13687253791415002,0.10581142880097763,,0.20160528748801396,0.12767147287447533,,0.2750977794375072,0.14848880827773045,,0.3964202438115336,0.17632759648785437,
amazon-music,lightccn_multi,,,test-frame,160,amazon-music__derived_e__softplus__global__ho_user,0.1016234580067942,0.09328388110022451,,0.13804494944120455,0.10711188635304755,,0.2006467419411132,0.12810625922006666,,0.2796742757821464,0.15035153951079852,,0.3989265764808627,0.17775856000555293,
amazon-music,lightccn_multi,,,test-frame,240,amazon-music__derived_ef__softmax__global__ho_item,0.09617742567653768,0.0872523922072601,,0.1334872707153322,0.1016424805583952,,0.20162682929695794,0.12456088383687586,,0.27983189082215804,0.14647309171968706,,0.4108689295030714,0.17662047636235073,
amazon-music,lightccn_multi,,,test-frame,130,amazon-music__stateful_ef__softplus__global__ho_both,0.09987313043168392,0.09184812184311804,,0.13581315819362288,0.10556400687048974,,0.19459219918412468,0.12557666325335265,,0.2682578138258008,0.14631023404993068,,0.3853361621917649,0.1730030373831832,
amazon-music,lightccn_multi,,,test-frame,250,amazon-music__stateful_ef__softmax__global__ho_both,0.09926123154773446,0.09192534244350488,,0.1377652834171914,0.10649522474553177,,0.20185700759807482,0.1279934607612888,,0.28125285772467706,0.15020829729916468,,0.4028906025267726,0.17811603019510158,
amazon-music,lightccn_multi,,,test-frame,220,amazon-music__derived_e__softmax__global__ho_both,0.09764625555457564,0.08967056402656672,,0.1355378229931545,0.10418182076413755,,0.20348631806908601,0.12707737846136538,,0.2825617220624007,0.1492826707696506,,0.41109169590826,0.17871713973953415,
amazon-music,lightccn_multi,,,test-frame,170,amazon-music__derived_e__signed__global__ho_item,0.09960897028131425,0.09083134163101841,,0.1366622094398046,0.10489999259778682,,0.1984337534807931,0.1257660994128669,,0.27290589171929486,0.14666739099792894,,0.389353567994449,0.1735359082287309,
amazon-music,lightccn_multi,,,test-frame,160,amazon-music__stateful_e__signed__global__ho_both,0.09829292031020306,0.0900342735270148,,0.13515363716153922,0.10410403999660474,,0.19749880015064888,0.1249168398091649,,0.2688161594060647,0.1450620806012208,,0.381143156410898,0.17086513750513843,
amazon-music,lightccn_multi,,,test-frame,150,amazon-music__derived_e__signed__global__ho_both,0.09832112542605885,0.09047385058156103,,0.13609898006414037,0.10494344134000004,,0.19979466780274208,0.126387060917326,,0.2727919334716993,0.1469240346298477,,0.38872347802018326,0.17351651042557842,
amazon-music,lightccn_multi,,,test-frame,170,amazon-music__derived_ef__softplus__global__ho_user,0.10101113646773198,0.09363534242342018,,0.13621475564775215,0.1067136417045525,,0.20037762803128625,0.12819530004824736,,0.2725498481191918,0.14837974082369385,,0.387099546921473,0.1746103659004362,
amazon-music,lightccn_multi,,,test-frame,300,amazon-music__stateful_ef__softmax__global__ho_user,0.10519550616847723,0.09548098596218796,,0.1411043731672469,0.10952462619954974,,0.20348883439789972,0.1305751950118003,,0.28721891323943394,0.15392102107925307,,0.4058453691692482,0.18135797747632548,
amazon-music,lightccn_multi,,,test-frame,170,amazon-music__derived_e__softplus__global__ho_both,0.10073822807831456,0.09163122764615013,,0.13641959592616784,0.10500847338876212,,0.19744189985256697,0.1255664121123541,,0.276176146709135,0.14766903831228181,,0.389221170444826,0.17373044412647848,
amazon-music,lightccn_multi,,,test-frame,160,amazon-music__derived_ef__softplus__global__ho_item,0.09933136544220075,0.09009505872291097,,0.13516616506244336,0.10389475732781374,,0.19982238225275717,0.1256063827241245,,0.27382821540789515,0.1465255769700806,,0.3940926394704833,0.1740763631179471,
amazon-music,lightccn_multi,,,test-frame,160,amazon-music__stateful_e__softplus__global__ho_user,0.10266730356046239,0.09341110532790993,,0.13572459419427715,0.1055538436655023,,0.20239034466405934,0.1280735976034241,,0.27417804608565904,0.14830772881882753,,0.3918532166063286,0.17527973487593151,
amazon-music,lightccn_multi,,,test-frame,330,amazon-music__stateful_e__softmax__global__ho_user,0.10449536580308415,0.09559486071403565,,0.14177210194771747,0.10953821131348371,,0.2051557651090086,0.13089325496987952,,0.2880745483622659,0.15398465502701225,,0.40608306373205216,0.18111271698505985,
amazon-music,lightccn_multi,,,test-frame,150,amazon-music__stateful_ef__softplus__global__ho_user,0.0998809907615324,0.0924642811869035,,0.1368373242456903,0.10640484429844464,,0.19405868040444418,0.12575688613177252,,0.26693347240659626,0.14631030919485444,,0.3833853581995937,0.17287302379512492,
amazon-music,lightccn_multi,,,test-frame,160,amazon-music__stateful_ef__signed__global__ho_user,0.09974634980821794,0.09221379487139694,,0.13597960302116424,0.10568246161777138,,0.19447691813250925,0.12550257715306315,,0.2688971138776653,0.1461201896460024,,0.3769246500123443,0.170912140851987,
amazon-music,lightccn_multi,,,test-frame,160,amazon-music__derived_e__signed__global__ho_user,0.1035850397055578,0.09412606228011908,,0.13701471394506384,0.10633496716681083,,0.20040569290731805,0.1274292613985504,,0.27385400800442383,0.14817162850861945,,0.39045396402331906,0.17499816317944356,
amazon-music,lightccn_multi,,,test-frame,220,amazon-music__stateful_e__softmax__global__ho_both,0.09848777130756317,0.0900950090131588,,0.13557091154539874,0.10422305028402175,,0.2046817908988012,0.1274941139700359,,0.2830318978497126,0.1494284486886214,,0.41054695754076254,0.17867378729544353,
amazon-music,lightccn_multi,,,test-frame,150,amazon-music__derived_ef__signed__global__ho_both,0.09788024798019032,0.09044086342609087,,0.1356248158524871,0.10513758686901553,,0.1968250831612116,0.1256905882362058,,0.2684188411053379,0.1458892253855935,,0.38182555187478145,0.1718760664948661,
amazon-music,lightccn_multi,,,test-frame,270,amazon-music__derived_ef__softmax__global__ho_both,0.09951433858400825,0.0915588476255515,,0.13502130263466394,0.1049103600330027,,0.20114259391325282,0.12705241194789296,,0.2782897426543347,0.1488358413604391,,0.3971865336579032,0.1762050338144392,
amazon-music,lightccn_multi,,,test-frame,200,amazon-music__derived_ef__softmax__global__ho_user,0.1000098961368289,0.09192163793265624,,0.13810226246701646,0.10672782667978996,,0.2010822195939833,0.12822921516619676,,0.28561053695135863,0.15193240838857935,,0.4131275653071217,0.18136208726410516,
amazon-music,lightccn_multi,,,test-frame,160,amazon-music__stateful_e__signed__global__ho_item,0.10188454211927232,0.09167855148773328,,0.1375516543765059,0.10506167388100572,,0.20002844873611186,0.12623987387881427,,0.2722960456961018,0.14649364713834406,,0.3880366370779612,0.17312743785992807,
amazon-music,lightccn_multi,,,test-frame,170,amazon-music__derived_e__softplus__global__ho_item,0.1016955970751524,0.09210177876932664,,0.13774492261390694,0.10550273313660749,,0.20025041518608933,0.12660461439371895,,0.2771782852436136,0.1481716495166524,,0.3972640960539764,0.17600430236857337,
amazon-music,lightccn_multi,,,test-frame,160,amazon-music__derived_ef__softplus__global__ho_both,0.09849515955619774,0.09077389246863446,,0.13437901865985766,0.10426461862106734,,0.19764979905309255,0.12572835776569127,,0.2685853961625498,0.14568199533331957,,0.38337593858038505,0.1719226663526438,
amazon-music,lightccn_multi,,1,val-best-recall@20,90,derived_ef__softplus__global__L1__ho_user,0.07705881767978767,0.07179513012687432,0.051821383738717135,0.10759260103373897,0.08299150919245697,0.05870971401025692,0.1602354376811062,0.1011571730556698,0.06573798437896676,0.23442067132612118,0.12202647880682453,0.0708368758715015,0.3560530090350771,0.1498660983021859,0.07468164560028252
amazon-music,lightccn_multi,,1,val-best-recall@20,100,stateful_ef__softmax__global__L1__ho_user,0.07676075214498734,0.07040707211677122,0.05093365183433706,0.10639076671749337,0.081567528359175,0.0576339059544679,0.1621388224752055,0.10058502159892269,0.06506158247944871,0.23803716570198397,0.12215553988368169,0.07022894649577098,0.36140051178426985,0.1502168560490792,0.07408163245597198
amazon-music,lightccn_multi,,1,val-best-recall@20,150,stateful_ef__softmax__global__L1__none,0.07590770471731793,0.06935523380296559,0.05031739565234904,0.10384020896474774,0.07984013945016794,0.05668343850687301,0.1603260986931607,0.09903931153518325,0.06407634040315448,0.23142173944031347,0.11940328673453136,0.06897748951962138,0.3500408327389752,0.14672348389020481,0.07277772209709121
amazon-music,lightccn_multi,,1,val-best-recall@20,140,derived_ef__softplus__global__L1__none,0.07388310165630281,0.06973917653534303,0.05072842838380273,0.1004407337727188,0.07907821870010967,0.05666967741978658,0.15500125269287768,0.09760008744849537,0.06389609418611417,0.22184496722574254,0.11674325805961852,0.06851349943699866,0.33837043409961487,0.14347995951099132,0.07221084496816438
amazon-music,lightccn_multi,,1,val-best-recall@20,160,stateful_e__softmax__global__L1__ho_user,0.08038012183969333,0.07411142614613776,0.05430868441222056,0.1115115872642316,0.08605297227656154,0.061455678576338754,0.1649261371180092,0.10444348440733435,0.06859913151191109,0.23598739154324655,0.12485352207894751,0.07348770685253682,0.3558705450189039,0.1522753335023824,0.07731842950152143
amazon-music,lightccn_multi,,1,val-best-recall@20,120,derived_e__softmax__global__L1__ho_user,0.07720372218967037,0.07142234143590952,0.052204833328975075,0.10547391508312308,0.0820154455812551,0.058607101709291655,0.16354882970235807,0.10192016120849336,0.06632852103852142,0.2354507213210036,0.12239066494686238,0.07127548793071366,0.3606837341938284,0.15089605888168364,0.07518889858569489
amazon-music,lightccn_multi,,1,val-best-recall@20,190,derived_ef__softmax__global__L1__none,0.07930530538418055,0.07207851843090478,0.05237745767942286,0.1057418744828478,0.08169516871497776,0.058410014619366186,0.16048605071109528,0.10033060876349031,0.06561927707202624,0.23194685972415588,0.12083898140323131,0.07050785582975981,0.349696622398909,0.14785191140965828,0.07424959200609997
amazon-music,lightccn_multi,,1,val-best-recall@20,130,stateful_e__softmax__global__L1__none,0.07420863080872724,0.06790141378853343,0.04924109587472296,0.1029282862473326,0.07867471477692912,0.055740029886975274,0.15845858508106245,0.09750743250355984,0.06299654918579012,0.22890187766335945,0.11773431534925516,0.06788142309292708,0.3512027946792626,0.14571538949065868,0.07174794516856194
amazon-music,lightccn_multi,,1,val-best-recall@20,100,derived_ef__softmax__global__L1__ho_user,0.0773341242455797,0.07072208653108246,0.051167704422034145,0.10714796988155748,0.08196491931730272,0.05789462984305677,0.16268030692844065,0.1009077956721557,0.06523615776082987,0.2363896065072857,0.1218785074825277,0.07028904449852491,0.36086556597267344,0.15024763785905138,0.07420480287051259
amazon-music,lightccn_multi,,1,val-best-recall@20,150,derived_e__softmax__global__L1__none,0.07622850499119607,0.06967283822523265,0.05056853291677095,0.10292838078111176,0.07968300555298756,0.056715100368738385,0.15953709266061208,0.09895340574769866,0.06416123361328606,0.23107003445240415,0.11941181706835025,0.06907415726074907,0.3497037806562573,0.14672364986793457,0.07287849525125258
amazon-music,lightccn_multi,,2,val-best-recall@20,220,derived_ef__softmax__global__L2__none,0.08529654868279904,0.07794847871523919,0.05681514497656023,0.11835738756586853,0.09031275663656164,0.06429934741095887,0.17586088706647154,0.11002186561211721,0.07192115661160069,0.25271277084994914,0.1318966106341644,0.07719828385553934,0.3759982541617364,0.16023265524943933,0.0811604890503902
amazon-music,lightccn_multi,,2,val-best-recall@20,220,stateful_e__softmax__global__L2__ho_user,0.08699299466232253,0.07991565929746869,0.058860408367174294,0.11864758938887411,0.0921023144841947,0.06614546630248803,0.17662705718785549,0.11181207131859112,0.07381579469714847,0.2556244006344204,0.13422625692482043,0.07926378810879327,0.3742053016602314,0.1616617812161775,0.08308449689326951
amazon-music,lightccn_multi,,2,val-best-recall@20,170,derived_ef__softmax__global__L2__ho_user,0.08392752387491112,0.07820717431490813,0.05755525161904748,0.11823996985169283,0.0910973758472571,0.06531107313386368,0.17652022222120975,0.11119824761344647,0.07301682708131647,0.2533814705525122,0.1327139448128804,0.07822725218793172,0.3742296110882618,0.16069379975008763,0.08209509678695942
amazon-music,lightccn_multi,,2,val-best-recall@20,220,derived_e__softmax__global__L2__ho_user,0.08699832274953921,0.07973976822832318,0.058614118622313915,0.11835180137222664,0.09165639784688147,0.06584231123607678,0.17593928692704944,0.11137213216008895,0.07342710130867143,0.2552032369483176,0.1337389416937796,0.07888035318040353,0.37449547940487027,0.16136689503820606,0.08272855240155509
amazon-music,lightccn_multi,,2,val-best-recall@20,220,stateful_ef__softmax__global__L2__none,0.08668624065516131,0.07860938640928673,0.05698132215394369,0.11860144368598513,0.0904941039860275,0.06425723763442469,0.1773662013659883,0.1104119502565603,0.07198573550715784,0.252045330198538,0.13164443456797037,0.0770847590185599,0.37817757227314924,0.16059555513767965,0.08110592219184615
amazon-music,lightccn_multi,,2,val-best-recall@20,130,derived_ef__softplus__global__L2__none,0.08720303843448161,0.08049576965558605,0.059233522462079184,0.11899542036805386,0.09260915194105443,0.06649703172850505,0.17380781714869092,0.11124244434812543,0.07369033720547352,0.25238690175485734,0.1332813829769288,0.07905234228367627,0.36828719009302385,0.16027514163150833,0.08276699589498752
amazon-music,lightccn_multi,,2,val-best-recall@20,290,derived_e__softmax__global__L2__none,0.08752314037105838,0.08126199086229995,0.0594930145841161,0.12086735693836169,0.09358113698767846,0.06703728024887644,0.17662684953626054,0.11268595869889346,0.0744900916318774,0.25430768366101497,0.13466704896359794,0.07987829563512933,0.3745946011537358,0.16238830757195713,0.08370808694639922
amazon-music,lightccn_multi,,2,val-best-recall@20,220,stateful_e__softmax__global__L2__none,0.08611123835206491,0.0785341122488503,0.0571758511973127,0.11947013808843093,0.09102139317001366,0.06474120643466826,0.17676666189330872,0.11059206192621199,0.07230066780608443,0.2530454902024029,0.13226867220123983,0.07752178523972514,0.3761109790448858,0.1605605500367458,0.08146942470987341
amazon-music,lightccn_multi,,2,val-best-recall@20,180,stateful_ef__softmax__global__L2__ho_user,0.08344439343512262,0.07787421885975124,0.0574534570174461,0.11886023991215583,0.09138395938203173,0.06544695636568415,0.17722736063697533,0.11146294050861752,0.07317346111145286,0.2541206787214539,0.13312286316865712,0.07841259619915025,0.3718216706306998,0.1603781768848146,0.08217519279590156
amazon-music,lightccn_multi,,2,val-best-recall@20,100,derived_ef__softplus__global__L2__ho_user,0.08690048943219082,0.07932936305030787,0.058251354776536736,0.11892934631162701,0.09164769570091563,0.06553499887482007,0.17285039902385768,0.11006520687379469,0.07270193662406688,0.25155188104574994,0.13224175882256337,0.07806723085249033,0.3720378357192419,0.1601032703433407,0.08194295557694531
amazon-music,lightccn_multi,,3,val-best-recall@20,260,stateful_ef__softmax__global__L3__ho_user,0.08580120892623355,0.08009186139716502,0.05890389039173771,0.12289462435100282,0.09415194774856521,0.06733295280002748,0.1807602257194459,0.11394725789357316,0.07498639079688742,0.2602013789149254,0.13631271294672478,0.08040814147282663,0.3802144771537331,0.16410490798542093,0.08426902959393998
amazon-music,lightccn_multi,,3,val-best-recall@20,120,derived_ef__softplus__global__L3__ho_user,0.0901744680084818,0.08217173283916561,0.06056355567397149,0.12230409038577042,0.09450582907473061,0.06781137947842923,0.18173955557091598,0.11483365637221021,0.07569984548085387,0.25709847854938744,0.1362149085450436,0.08083400879424522,0.3787171705497297,0.1641894553801083,0.08473690887909575
amazon-music,lightccn_multi,,3,val-best-recall@20,370,derived_ef__softmax__global__L3__none,0.09038847997051816,0.08141251156398346,0.05933422279182569,0.12389702459520782,0.09430969248071733,0.06704505098134675,0.18429192257623836,0.11510029508083647,0.0749579462121345,0.2616098503798239,0.13673736672259013,0.0801940641190349,0.3845846757301266,0.16511361525582582,0.0841163125199993
amazon-music,lightccn_multi,,3,val-best-recall@20,380,stateful_e__softmax__global__L3__none,0.09051314044468067,0.08249596194617946,0.06031869374425127,0.12453917770950007,0.09549519098083216,0.06812503544625689,0.18446255018830823,0.11612762876179046,0.07605144618606824,0.26162818418197226,0.1376815301939064,0.08126617960979406,0.3845040021741744,0.16603468221054968,0.08517582625207272
amazon-music,lightccn_multi,,3,val-best-recall@20,300,stateful_e__softmax__global__L3__ho_user,0.09032968652977862,0.08336746716990802,0.061205028324984485,0.12480856051218751,0.09632026180890986,0.06906025114875614,0.18261848830303676,0.11598001392457705,0.0767078180042035,0.264041757198152,0.13888133909007122,0.0822341826908697,0.38112419638532496,0.16596386044516664,0.08594523970340691
amazon-music,lightccn_multi,,3,val-best-recall@20,310,derived_ef__softmax__global__L3__ho_user,0.08934202773118988,0.08271216966308731,0.06118415177283255,0.123396649910839,0.09589127562864291,0.06889137033798619,0.18081168193296857,0.11542235460583314,0.07652469976303518,0.26113802429097893,0.13777451818409306,0.08195571052315573,0.37479891270174587,0.16422264220079955,0.08555374262438792
amazon-music,lightccn_multi,,3,val-best-recall@20,120,derived_ef__softplus__global__L3__none,0.08791113582092647,0.0799109420148194,0.05835939680179339,0.12092062536658904,0.0924038561022488,0.06579533749081178,0.17946082434437488,0.11244082957605293,0.07353918718846478,0.2606092389411829,0.13538700986189695,0.079084953999715,0.3808704922101247,0.16298414921128798,0.0828898590810741
amazon-music,lightccn_multi,,3,val-best-recall@20,370,derived_e__softmax__global__L3__none,0.0907032616067679,0.08177700455286473,0.0596829083221785,0.12459284835217137,0.09480003597131084,0.0674770714520983,0.185849065073071,0.11581021449391156,0.0754478224334173,0.2604486643978471,0.13675374676624408,0.08048167407068797,0.3868557220047255,0.16575526908970367,0.08447796956378767
amazon-music,lightccn_multi,,3,val-best-recall@20,290,derived_e__softmax__global__L3__ho_user,0.09087179206575548,0.08413727990876348,0.06200424285219122,0.12433919150865066,0.09649231676050044,0.06956252861811764,0.18164447777399714,0.11619096623760843,0.07716061143350054,0.26389817882887573,0.1392648903283839,0.08278638083149485,0.3826492554828828,0.1666800435258444,0.08656376675827548
amazon-music,lightccn_multi,,3,val-best-recall@20,370,stateful_ef__softmax__global__L3__none,0.09090007082238934,0.0823127892078788,0.060261969768539835,0.12442576805552634,0.09516353433190167,0.06796946992894061,0.18618031802840102,0.11636474338131343,0.07608467429257844,0.2589000646120875,0.13687731199862518,0.08102417808515724,0.3859461841358027,0.16606247776454672,0.08508071358739346
amazon-music,lightccn_multi,,3,val-best-recall@20,300,twr__amazon-music__ho_item__L3__val,0.08699960555109384,0.08085711764506244,0.0588679611232188,0.12020100636356332,0.09307280581224597,0.06638101459280983,0.18142486897226592,0.11390435710444331,0.07458037935268144,0.2570546326050774,0.13537281055386988,0.07981369142022271,0.3843185777820959,0.16473170127555686,0.08389176426722338
amazon-music,lightccn_multi,,3,val-best-recall@20,260,twr__amazon-music__ho_both__L3__val,0.08974668131995825,0.0825265946920711,0.06040015924527843,0.12088219307324789,0.09419633052338526,0.06745068498629331,0.18249906577516833,0.11498437513010473,0.07556959866214266,0.26099040028337805,0.1371333438312191,0.0809011148022166,0.3799736596460685,0.16470921067260524,0.08471889040863752
amazon-music,lightccn_multi,,3,test-frame,310,twr__amazon-music__ho_both__L3__tst,0.1039559719241167,0.09541499224383611,0.07131440558914998,0.13796289917269453,0.10801457036015645,0.07906818130131921,0.20840109889781258,0.13178286266525305,0.0883472038558173,0.28921735868718024,0.154603134980486,0.09389856040953341,0.4134426942030348,0.18321290351843456,0.0978178798727743
amazon-music,lightccn_multi,,3,test-frame,350,twr__amazon-music__ho_item__L3__tst,0.09950854869226522,0.09060540715216638,0.06711511278714787,0.13761899028779803,0.10512707770088014,0.07569270334030852,0.20771337156132025,0.12863748109097115,0.08486107697984688,0.2897126510638689,0.1516740580240256,0.09045531408167562,0.41895839004818747,0.18149012775699858,0.0945933243123864
amazon-music,lightccn_multi,,4,val-best-recall@20,300,stateful_ef__softmax__global__L4__none,0.08241201585666715,0.07571512856895055,0.05521749125481113,0.12020583450135053,0.09042881459997945,0.0637675995170036,0.18119203157617583,0.11109648952616101,0.07184248596801363,0.2563884749722508,0.13237537302209682,0.07694841549765295,0.39006319938163975,0.16312445057808944,0.08123170856387003
amazon-music,lightccn_multi,,4,val-best-recall@20,260,derived_ef__softmax__global__L4__ho_user,0.08408939947654914,0.078805723167716,0.05805036152723724,0.11932619705101889,0.09203389395150266,0.06612020528931822,0.18180503863737776,0.11337939803338978,0.07433476541306426,0.26090486185696504,0.13574275035327665,0.07971368025980667,0.3837378409380896,0.16401244941278784,0.08363993133989236
amazon-music,lightccn_multi,,4,val-best-recall@20,160,derived_ef__softplus__global__L4__none,0.09299154239842382,0.08484992337586221,0.062254555650490546,0.12431624838878304,0.09634008557576963,0.06931004099300396,0.18611648032892855,0.11771230168630732,0.07753521621663895,0.2611546922439918,0.13881332122750456,0.08263894591906279,0.3813161278512654,0.1665514551031301,0.08645705116872904
amazon-music,lightccn_multi,,4,val-best-recall@20,320,stateful_e__softmax__global__L4__ho_user,0.09070415324507897,0.0827682184307899,0.060935921176958126,0.12340876485862497,0.09527031602741959,0.06837695705255897,0.1846346364911275,0.11618116907043144,0.07651324741254456,0.26612200208344744,0.13907437259102082,0.08203176998929289,0.38425061192407334,0.16646813240058245,0.08580378097016088
amazon-music,lightccn_multi,,4,val-best-recall@20,290,derived_ef__softmax__global__L4__none,0.08343363499839439,0.07617018147652044,0.05561591583466129,0.11851127437974533,0.08981134317447777,0.06363463156790272,0.18011850617718284,0.110770193965991,0.07173960624606843,0.25831857792337853,0.13291457662965575,0.07709277763853112,0.3913819185307381,0.16335533135695418,0.08131314984127251
amazon-music,lightccn_multi,,4,val-best-recall@20,320,derived_e__softmax__global__L4__none,0.08446857663366801,0.0779220526639219,0.05683944695665594,0.12021397013886492,0.09156615186579228,0.06496278219740056,0.18186539486513084,0.11245105177240225,0.07311046998623323,0.25906555632571143,0.1343474425895009,0.07837307266214126,0.39099115904529064,0.16454417758722742,0.0825483342763154
amazon-music,lightccn_multi,,4,val-best-recall@20,350,derived_e__softmax__global__L4__ho_user,0.09012977110700629,0.08275837499835564,0.06083299262352975,0.12420387351849607,0.09579676880253066,0.06854257132503887,0.18497221446452913,0.11639897194648671,0.07664577614722262,0.2664695010369959,0.13932595364214925,0.08217117491027773,0.3862511241012177,0.16693312166859312,0.08594834610192775
amazon-music,lightccn_multi,,4,val-best-recall@20,120,derived_ef__softplus__global__L4__ho_user,0.0887390761384404,0.0813196233319106,0.05989753940860653,0.12213740409541538,0.09424888117848917,0.0674576330284431,0.18324298204437423,0.11509719956580235,0.0755250220462884,0.26049619214776076,0.13690618419590217,0.08077869926536213,0.38367979155069665,0.16507395243148537,0.08468599429543945
amazon-music,lightccn_multi,,4,val-best-recall@20,180,stateful_ef__softmax__global__L4__ho_user,0.07471882139604595,0.06977081405413467,0.05122154708942695,0.11111627075618226,0.08408689749806773,0.05947342306640764,0.17189087084857285,0.10484750681549088,0.06752980816031283,0.24701637365919016,0.12602163463502547,0.07263147217578152,0.3756998739462708,0.155439247551822,0.07666484112576828
amazon-music,lightccn_multi,,4,val-best-recall@20,310,stateful_e__softmax__global__L4__none,0.08556565661124077,0.07844614618064365,0.05729912917099707,0.11955538914246172,0.09155478849055171,0.06501091014206371,0.1816174363433136,0.11260220702209424,0.07331428368242687,0.26007208882354377,0.13488520681709287,0.07866059444194477,0.390680251672712,0.16480227457761998,0.08282058947733516
amazon-music,lightgcn_cc,,3,test-frame,600,amazon-music__lightgcn_cc__L3,0.10293773636389113,0.09429292922607775,0.07069508792520691,0.1383127158871355,0.10768071882577541,0.07876628230398343,0.2066919694215947,0.13102124203838209,0.08789504823340248,0.2914999446082096,0.15466348752026643,0.09365382713012849,0.4196903317132907,0.18437599734859011,0.09781317640177638
amazon-music,lightgcn_cc,,4,test-frame,590,amazon-music__lightgcn_cc__L4,0.09924280693732913,0.09136925665869707,0.06843311139243255,0.13565803903763132,0.10515562344099329,0.07666217890482875,0.20323973474760054,0.12806644713015158,0.08560006360537062,0.28811745002095546,0.15189565044541556,0.09141078226481592,0.429738418636626,0.1843818255823747,0.09595882626379966
amazon-music,mf,,,test-frame,380,mf__amazon-music,0.06590429846404848,0.060062692639824396,,0.08947348466296691,0.0689196832511344,,0.12922796966332065,0.0821961072930444,,0.1847046403970406,0.09789933055077163,,0.29285684554207486,0.12282310156135003,
amazon-music,mf,,,test-frame,400,mf__amazon-music,0.06493956517141405,0.058486101505357435,,0.08836224875040789,0.06768687435377453,,0.12845386888752863,0.08121575412552476,,0.1870895970835811,0.0978455589941949,,0.29390643311062814,0.12238728391688601,
amazon-music,mf,,3,val-best-recall@20,370,base__amazon-music__mf__L3__val,0.05527554052324468,0.05000265316227403,0.03656297035780475,0.07638261288799648,0.058101233204450785,0.041420759284102084,0.11169181246756944,0.07010771985942507,0.0460175457831062,0.16082922972752947,0.08407449352423547,0.04932061097376386,0.25336295851543456,0.10540852348618938,0.052213667410844426
amazon-music,mf,,3,test-frame,400,base__amazon-music__mf__L3__tst,0.06493956517141405,0.058486101505357435,0.043754771938007385,0.08836224875040789,0.06768687435377453,0.04904285024897112,0.12845386888752863,0.08121575412552476,0.054395635891967005,0.1870895970835811,0.0978455589941949,0.058408577553086594,0.29390643311062814,0.12238751980643998,0.06177154089819481
amazon-music,ngcf,,,test-frame,140,ngcf__amazon-music,0.05384606079279092,0.0500301438639322,,0.0740530043593376,0.05752108274239869,,0.11893791042714809,0.07270553070788897,,0.18099714596120567,0.09018915001170716,,0.2912664133290281,0.1153315850880219,
amazon-music,ngcf,,,test-frame,300,ngcf__amazon-music,0.05725958303576835,0.052600037103012046,,0.08197863321710115,0.062276476355640376,,0.13024210650596058,0.07861259205305629,,0.19377129368318904,0.09633853585172622,,0.3093572878874143,0.12259190732526437,
amazon-music,ngcf,,,test-frame,240,ngcf__amazon-music,0.057453431732197933,0.05200950917546715,,0.08162413395553093,0.06125842624520071,,0.12564038417412,0.07631763271214466,,0.1815929753275247,0.09227456690852141,,0.29280001633420755,0.11767669069629598,
amazon-music,ngcf,,3,val-best-recall@20,80,base__amazon-music__ngcf__L3__val,0.0454134172878292,0.04300966773746867,0.030087990723944164,0.06547086849116124,0.05069256608857023,0.03464750608483368,0.10355199950851135,0.06361398749989469,0.039710182968782426,0.15586900184837763,0.07852000445554132,0.043304319854015685,0.2615519260411723,0.10287245298149993,0.046657801368681584
amazon-music,ngcf,,3,test-frame,250,base__amazon-music__ngcf__L3__tst,0.055563446210791206,0.051430853814769514,0.03763911567183893,0.08030311526202917,0.06124290125939047,0.04324869247799362,0.123702099344456,0.07576559184854807,0.048910704074910674,0.18530816965271812,0.0930443712238006,0.053099904057030176,0.29955980332600646,0.1190475917586117,0.056691956038780224
amazon-music,simgcl,,,test-frame,120,simgcl__amazon-music,0.10722848142168842,0.09884012978226812,,0.13859324831030526,0.11023294778289248,,0.18560158637609722,0.125808529386415,,0.24866283643196915,0.143550717135901,,0.3385942194423248,0.1642020562263603,
amazon-music,simgcl,,,test-frame,100,simgcl__amazon-music,0.10789267423337003,0.09935659957048441,,0.1405343152156702,0.11138011675517352,,0.19135761419303213,0.12840636721840396,,0.25599946359612163,0.14670571606934218,,0.3524682843891149,0.1686653175454277,
amazon-music,simgcl,,3,val-best-recall@20,120,base__amazon-music__simgcl__L3__val,0.08393656171973561,0.07774929565026195,0.057652806691504875,0.11332140352488998,0.08911845104707473,0.06437456863865393,0.1679525878085179,0.10747531341230544,0.07168560103335882,0.22351201177282373,0.12332867884445187,0.07554338137397962,0.31671725440360793,0.14478677025734565,0.07848195980446844
amazon-music,simgcl,,3,test-frame,160,base__amazon-music__simgcl__L3__tst,0.10607802879422953,0.09859222437558492,0.07418644229297357,0.1424113256282073,0.11209633476673245,0.08243143011875478,0.19245652260418672,0.12880643299342528,0.08902598691256851,0.254509992100516,0.14630052378434913,0.09327178007327105,0.350642584616915,0.16845624788703428,0.09634253982770373
amazon-music__val,lightgcn_cc,,3,val-best-recall@20,410,amazon-music__lightgcn_cc__L3,0.08865546453013948,0.08052660669903548,0.05837886167617179,0.1221535842730022,0.09305921858576428,0.06599608373289101,0.18195342317141994,0.11338429170767594,0.07399329239099792,0.26064699024294763,0.13566149021624405,0.07933278501874806,0.38878013375552134,0.1650655236590092,0.08339193378612056
amazon-music__val,lightgcn_cc,,4,val-best-recall@20,560,amazon-music__lightgcn_cc__L4,0.08776633805809372,0.08048781511534525,0.058948409085607126,0.12395733767917724,0.09455010697229285,0.0672197195539136,0.18703259882343365,0.11577946381216217,0.07549195950264172,0.26210953746594934,0.13714337956704303,0.08057286883849858,0.39267538334360336,0.16700821717770578,0.08473753353150706
beidian,LightCCN-full,4,1,val-best-recall@20,50,dro__beidian__t4__sef.sm.B__L1__val,0.03524590163934426,0.026271502299961346,0.023178506375227684,0.04836065573770492,0.03162037689464757,0.02611566484517304,0.08005464480874316,0.04174408812903705,0.03022128979096192,0.12185792349726776,0.05223054598436538,0.03305638094505906,0.2139344262295082,0.0705217119273181,0.03600345629937022
beidian,LightCCN-full,4,2,val-best-recall@20,80,dro__beidian__t4__sef.sm.B__L2__val,0.036885245901639344,0.027422983578259497,0.02418032786885246,0.051639344262295085,0.03340604310283841,0.027445355191256827,0.0860655737704918,0.04446386542550435,0.031961575158296465,0.13415300546448086,0.056622819481424974,0.03529990423956444,0.22868852459016392,0.07531211258728232,0.03826995963742655
beidian,LightCCN-full,4,3,val-best-recall@20,190,dro__beidian__t4__sef.sm.B__L3__val,0.04371584699453552,0.03213596850312305,0.02814207650273224,0.060655737704918035,0.03903645014871547,0.03192622950819672,0.09562841530054644,0.05013944847740622,0.036388021510972327,0.14426229508196722,0.06234991905609298,0.039695002325915135,0.23852459016393443,0.08101710067447991,0.04267616103456569
beidian,LightCCN-full,4,4,val-best-recall@20,190,dro__beidian__t4__sef.sm.B__L4__val,0.0412568306010929,0.030590982500976253,0.02691256830601093,0.058469945355191254,0.037585187932469136,0.030737704918032786,0.09453551912568306,0.04903031161827406,0.03533534998698933,0.1418032786885246,0.06093723598160248,0.038581454841098047,0.2407103825136612,0.08061106141073794,0.04175781029141668
beidian,LightCCN-full,4,5,val-best-recall@20,160,dro__beidian__t4__sef.sm.B__L5__val,0.03961748633879782,0.028249136314403168,0.02436247723132969,0.05792349726775956,0.035773895020892725,0.028529143897996358,0.08879781420765027,0.045613600447417205,0.03250531268973891,0.13825136612021857,0.05799854788500617,0.03584460925798539,0.23442622950819672,0.07707927158585577,0.03890378315543965
beidian,LightCCN-full,4,6,val-best-recall@20,290,dro__beidian__t4__sef.sm.B__L6__val,0.040437158469945354,0.03034705100897779,0.02686703096539162,0.05983606557377049,0.03825867856148418,0.031211293260473588,0.09316939890710382,0.04890881158447182,0.03553202792956891,0.142896174863388,0.06150125306764694,0.038996557145665155,0.24153005464480876,0.08102268421038791,0.04210920299007208
beidian,LightCCN-full,10,3,val-best-recall@20,200,taur__beidian__t10__sef.sm.B__L3__val,0.0407103825136612,0.029920883601678893,0.026183970856102003,0.05874316939890711,0.03728007630777806,0.030227686703096536,0.09316939890710382,0.04826935417300868,0.03468080492670656,0.14508196721311475,0.061309264616429486,0.03821476607581515,0.23497267759562843,0.07908442238620439,0.04104229164367141
beidian,LightCCN-full,13,3,val-best-recall@20,60,taur__beidian__t13__sef.sm.B__L3__val,0.03169398907103825,0.024131333843677077,0.02153916211293261,0.047540983606557376,0.03063297294083768,0.025132058287795994,0.07459016393442623,0.03935463617791249,0.028716714372452073,0.12076502732240438,0.051003310334085984,0.03190013733087757,0.21202185792349726,0.06901638224829237,0.03474791722546421
beidian,LightCCN-prop,4,3,val-best-recall@20,170,dro__beidian__t4__sef.sm__L3__val,0.03961748633879782,0.029361474304254943,0.025819672131147543,0.05546448087431694,0.035827192294170584,0.029371584699453553,0.0907103825136612,0.04720961802065397,0.03406334027235667,0.14234972677595628,0.0601618979258787,0.03756385625437927,0.23524590163934425,0.0785312525386479,0.040484817799778514
beidian,LightGCN,,,test-frame,190,beidian__lightgcn,0.03879781420765027,0.02877277245511361,,0.0546448087431694,0.03526243784985922,,0.09016393442622951,0.0467059998157406,,0.1418032786885246,0.059634883072501206,,0.22923497267759563,0.07684329617097783,
beidian,LightGCN,,,test-frame,140,lightgcn__beidian,0.03442622950819672,0.025451830168813805,,0.05683060109289618,0.03466981452176997,,0.08770491803278689,0.04453527997733525,,0.13633879781420766,0.05686951431134025,,0.2314207650273224,0.0757247626346341,
beidian,LightGCN,,,test-frame,140,lightgcn__beidian,0.03442622950819672,0.025451830168813805,,0.05683060109289618,0.03466981452176997,,0.08770491803278689,0.04453527997733525,,0.13633879781420766,0.05686951431134025,,0.2314207650273224,0.0757247626346341,
beidian,LightGCN,,1,val-best-recall@20,80,lightgcn__L1,0.033879781420765025,0.02591377073282621,0.02317850637522768,0.048633879781420766,0.03193275136465009,0.026484517304189437,0.08087431693989071,0.04227260991836631,0.03070073293433949,0.12896174863387977,0.05436701676046041,0.03398841055787333,0.22076502732240438,0.07246722554093914,0.036843573449081464
beidian,LightGCN,,1,val-best-recall@20,80,dro__beidian__lightgcn__L1__val,0.033879781420765025,0.02591377073282621,0.02317850637522768,0.048633879781420766,0.03193275136465009,0.026484517304189437,0.08087431693989071,0.04226636023154262,0.0306942275999653,0.12896174863387977,0.05436076707363672,0.03398190522349914,0.22076502732240438,0.07246141614321366,0.03683731197126497
beidian,LightGCN,,2,val-best-recall@20,170,lightgcn__L2,0.03633879781420765,0.027810007697112015,0.024863387978142075,0.05546448087431694,0.03563988516613293,0.02918032786885246,0.0907103825136612,0.04702255997269909,0.033867638129933215,0.142896174863388,0.060062149045230634,0.03736552571593556,0.22868852459016392,0.0769988981015502,0.040046762751884964
beidian,LightGCN,,2,val-best-recall@20,170,dro__beidian__lightgcn__L2__val,0.03633879781420765,0.027810007697112015,0.024863387978142075,0.05546448087431694,0.03563988516613293,0.02918032786885246,0.09098360655737706,0.04710153943344168,0.0338949605343048,0.142896174863388,0.06006390148135193,0.03736729056023707,0.22868852459016392,0.07699925026558192,0.040047720145804634
beidian,LightGCN,,3,val-best-recall@20,220,lightgcn__L3,0.03879781420765027,0.028873611320258015,0.025455373406193076,0.0592896174863388,0.03717210771878124,0.029977231329690348,0.09344262295081968,0.04813182989185391,0.034451708734495615,0.14344262295081966,0.060697857144099476,0.037858485074423,0.2336065573770492,0.07844945044380902,0.040648448000556676
beidian,LightGCN,,3,test-frame,100,lightgcn__L3,0.03333333333333333,0.024453292254098695,,0.05,0.031248076411375673,,0.08306010928961749,0.04197932205169023,,0.13469945355191257,0.05497914246076809,,0.22704918032786886,0.07324319805093132,
beidian,LightGCN,,3,val-best-recall@20,220,dro__beidian__lightgcn__L3__val,0.03879781420765027,0.028873611320258015,0.025455373406193076,0.0592896174863388,0.03717210771878124,0.029977231329690348,0.09344262295081968,0.04813182989185391,0.034451708734495615,0.14344262295081966,0.060694770645779,0.037856014627603976,0.2336065573770492,0.07844626294648609,0.0406458149017856
beidian,LightGCN,,4,val-best-recall@20,210,lightgcn__L4,0.037978142076502734,0.027930288377244813,0.024453551912568306,0.05683060109289618,0.03560657354829033,0.02866120218579235,0.08961748633879782,0.04615044456149058,0.03298031052129413,0.14016393442622951,0.05894667168140521,0.036498661946468114,0.23797814207650272,0.07822238059847239,0.03953856372972898
beidian,LightGCN,,4,val-best-recall@20,210,dro__beidian__lightgcn__L4__val,0.037978142076502734,0.0278294495121004,0.024316939890710383,0.05683060109289618,0.03550573468314592,0.028524590163934428,0.08961748633879782,0.04604633652439368,0.03284066267672825,0.14016393442622951,0.058842563644308316,0.03635901410190224,0.23797814207650272,0.07811777309638909,0.03939851881832944
beidian,LightGCN,,5,val-best-recall@20,220,dro__beidian__lightgcn__L5__val,0.0366120218579235,0.027133428192818526,0.023861566484517302,0.05546448087431694,0.03486958187593898,0.028137522768670306,0.08715846994535519,0.04504391125103219,0.03229367247809871,0.13688524590163934,0.057588013472126734,0.035719865871682854,0.23497267759562843,0.07705100912930557,0.038844317778932616
beidian,LightGCN,,6,val-best-recall@20,270,dro__beidian__lightgcn__L6__val,0.03715846994535519,0.027513971706674915,0.02418032786885246,0.05382513661202186,0.034416519185686764,0.0280327868852459,0.0866120218579235,0.04500853303650419,0.03239764940584613,0.1371584699453552,0.05771316761907088,0.035845461047080085,0.23743169398907105,0.0775274904017977,0.03899145407802013
beidian,arb,,,test-frame,78,arb__beidian__sslrec_k5,,,,0.038,0.0258,,0.0637,0.0341,,0.0978,0.0427,,,,
beidian,hccf,,,val-best-recall@20,150,hf__beidian__hccf__Axav_kr0.25__val,0.029508196721311476,0.022527762738095508,0.02012750455373406,0.04180327868852459,0.027559544867835385,0.022900728597449908,0.07240437158469945,0.03741233447321605,0.026939131754705525,0.12021857923497267,0.049425857970784116,0.030199236360258796,0.19918032786885245,0.06510651946292371,0.032722113934203455
beidian,hccf,,,val-best-recall@20,50,hf__beidian__hccf__Axav_hyp50__val,0.02622950819672131,0.01936935489363814,0.01698542805100182,0.0407103825136612,0.025318559144391527,0.02027777777777778,0.06967213114754098,0.03468625723524172,0.02414552432995056,0.10792349726775956,0.044332168355565055,0.02678171450763188,0.18060109289617488,0.05856960751645359,0.028989616429978854
beidian,hccf,,,val-best-recall@20,410,hf__beidian__hccf__A__val,0.004918032786885246,0.003428261756440345,0.0029143897996357013,0.007377049180327869,0.004451381365769302,0.00348816029143898,0.011475409836065573,0.00578041130916275,0.004039270535172174,0.022131147540983605,0.008384190572021687,0.004707975862939574,0.04590163934426229,0.012995699531793284,0.005404091593368542
beidian,hccf,,,val-best-recall@20,250,hf__beidian__hccf__A_hyp50__val,0.003005464480874317,0.002494789550156136,0.0023224043715846993,0.004644808743169399,0.0031648955872937874,0.0026912568306010926,0.008469945355191256,0.0043972939728575645,0.003197697111631538,0.016939890710382512,0.006516777263332646,0.003767429726515906,0.03551912568306011,0.010196401679568732,0.00435452070386081
beidian,hccf,,,val-best-recall@20,290,hf__beidian__hccf__A_hyp250__val,0.003551912568306011,0.002774494198868112,0.0025045537340619307,0.004644808743169399,0.003197284152129906,0.002723132969034608,0.008743169398907104,0.0044971260665083446,0.0032442102524069738,0.01721311475409836,0.006647245846519823,0.0038394498358717004,0.03579234972677595,0.010273033301052677,0.004397046832708909
beidian,hccf,,,val-best-recall@20,210,hf__beidian__hccf__A_kr0.75__val,0.003825136612021858,0.002602109020296675,0.0021857923497267755,0.007103825136612022,0.003954294796986965,0.0029371584699453552,0.01092896174863388,0.005175316078644534,0.0034319975713418332,0.018852459016393444,0.007127817383742468,0.003941406952528355,0.03989071038251366,0.011195904454664856,0.004550753635553935
beidian,hccf,,,test-frame,60,hf__beidian__hccf__B__tst,0.000546448087431694,0.00030899720042936,0.00022768670309653913,0.000819672131147541,0.00041469468874480854,0.0002823315118397085,0.002185792349726776,0.0008403207773547858,0.00044843438286061235,0.005191256830601093,0.0015690303757333757,0.0006317993189916247,0.013387978142076503,0.003150653162150422,0.0008674377608533632
beidian,hccf,,,val-best-recall@20,70,hf__beidian__hccf__Bxav__val,0.031967213114754096,0.023389688630952695,0.020446265938069214,0.045081967213114756,0.02876251063046889,0.023410746812386158,0.0715846994535519,0.03725247802138955,0.026869741521380865,0.10601092896174863,0.0458479684422451,0.029173910709558836,0.16639344262295083,0.0577839768425587,0.031071450314465413
beidian,hccf,,,test-frame,180,hf__beidian__hccf__A__tst,0.003825136612021858,0.0024654969984387516,0.0020036429872495446,0.004918032786885246,0.0029242080589455062,0.0022632058287795987,0.006830601092896175,0.0035507578768609552,0.002526129759736317,0.012295081967213115,0.004937630103094729,0.002911441648499457,0.03114754098360656,0.008639173930541207,0.0034899087970082557
beidian,hccf,,,val-best-recall@20,80,hf__beidian__hccf__Axav_clw1e-2__val,0.019672131147540985,0.013830217232630917,0.011839708561020035,0.031967213114754096,0.018861999362370794,0.014612932604735883,0.059562841530054644,0.027807539003931896,0.01831468470812733,0.10109289617486339,0.038232516528496956,0.02113764302888421,0.16748633879781422,0.05135405389120257,0.023222145097913094
beidian,hccf,,,val-best-recall@20,180,hf__beidian__hccf__Axav_hyp250__val,0.01994535519125683,0.014620596812061072,0.0127959927140255,0.028688524590163935,0.018230416784040172,0.014804189435336975,0.051639344262295085,0.02561006357962448,0.017828085696938153,0.08360655737704918,0.03370981326065523,0.020057662221101797,0.15081967213114755,0.04694262157582608,0.022142536713443423
beidian,hccf,,,val-best-recall@20,150,hf__beidian__hccf__Axav_kr0.75__val,0.01912568306010929,0.014074148724629379,0.012340619307832423,0.030054644808743168,0.018505601198302093,0.014758652094717668,0.04972677595628415,0.024911726988376365,0.01743006765547749,0.07814207650273224,0.03199830028219806,0.019322644538030516,0.13114754098360656,0.04253220031010233,0.021016499393636083
beidian,hccf,,,val-best-recall@20,90,hf__beidian__hccf__A_L3__val,0.001366120218579235,0.000891218444574567,0.0007285974499089253,0.002185792349726776,0.0012083109095209128,0.0008925318761384335,0.003825136612021858,0.0017345305381456758,0.001107207910486599,0.007377049180327869,0.002625411551327636,0.0013477000502453477,0.013934426229508197,0.003908966230959194,0.0015457241323582897
beidian,hccf,,,val-best-recall@20,500,hf__beidian__hccf__A_clw1e-2__val,0.004371584699453552,0.00335023483801719,0.003005464480874317,0.007650273224043716,0.004678473209877506,0.0037295081967213114,0.012021857923497269,0.006149423274748428,0.004370283632578714,0.0226775956284153,0.008786369354910407,0.005064274801687886,0.04890710382513661,0.013905881592821353,0.005850706912202334
beidian,hccf,,,val-best-recall@20,500,hf__beidian__hccf__A_clw1e-4__val,0.004098360655737705,0.0032136228161592667,0.0029143897996357013,0.007377049180327869,0.004553834890434569,0.0036520947176684883,0.012021857923497269,0.006117227231414895,0.004333528493364558,0.022131147540983605,0.008622320227780795,0.00499426714444732,0.04972677595628415,0.014006581703865185,0.005821627757001959
beidian,hccf,,,val-best-recall@20,60,hf__beidian__hccf__Axav__val,0.022950819672131147,0.017251998384075134,0.015300546448087432,0.03360655737704918,0.021553805964602425,0.017636612021857928,0.057650273224043716,0.02928725821127789,0.020804276173128636,0.08934426229508197,0.03718506683990796,0.022912582265060315,0.15628415300546447,0.050355201751651986,0.024981460072350876
beidian,hccf,,,val-best-recall@20,110,hf__beidian__hccf__Bxav32__val,0.034972677595628415,0.026941601199258706,0.02418032786885246,0.04453551912568306,0.03084456623135418,0.026325136612021856,0.0633879781420765,0.036730093250657146,0.028630735536473245,0.09781420765027322,0.045401045285090445,0.030993217047276072,0.15601092896174865,0.05691321516448393,0.032826238112702605
beidian,hccf,,,val-best-recall@20,20,hf__beidian__hccf__A_kr0.25__val,0.001366120218579235,0.0007903795794301564,0.0005919854280510018,0.00273224043715847,0.0013547881282523593,0.0009061930783242258,0.004098360655737705,0.0017883021300436194,0.0010798855061150143,0.00546448087431694,0.00215626158511919,0.0011928645125366436,0.014207650273224045,0.003861351930346396,0.0014544868164514837
beidian,hccf,,,val-best-recall@20,20,hf__beidian__hccf__B__val,0.001366120218579235,0.000891218444574567,0.0007285974499089253,0.001912568306010929,0.0011265608260354375,0.0008652094717668488,0.003825136612021858,0.001705263744177702,0.001081078150750282,0.005737704918032787,0.0021662896013684343,0.001195568846846571,0.012841530054644808,0.003581762294768005,0.001425018307678601
beidian,hccf,,,val-best-recall@20,80,hf__beidian__hccf__Axav_clw1e-4__val,0.01994535519125683,0.01500114032591746,0.013296903460837886,0.03224043715846994,0.019985027645997386,0.016015482695810566,0.05983606557377049,0.028824322716003086,0.01961423367161072,0.09781420765027322,0.038452893664417134,0.02227160464633819,0.1685792349726776,0.05243666236297676,0.024494717186652352
beidian,hccf,,,test-frame,80,hccf__beidian,0.0,0.0,,0.000273224043715847,0.00010569748831544853,,0.001912568306010929,0.0006142469942586596,,0.003825136612021858,0.0011017620895145117,,0.012841530054644808,0.0028596614507319044,
beidian,hccf,,,test-frame,600,hccf__beidian__clw1e-05,0.00546448087431694,0.003766551508587089,,0.009289617486338797,0.005330132261908276,,0.014207650273224045,0.00687779901216145,,0.025956284153005466,0.009805199867615789,,0.05273224043715847,0.015067740720960758,
beidian,hccf,,,test-frame,100,hccf__beidian,0.000819672131147541,0.0004456092222872835,,0.001366120218579235,0.000680951603748154,,0.001912568306010929,0.0008533367823195905,,0.004918032786885246,0.0016035596544776384,,0.01557377049180328,0.00371218625324525,
beidian,hccf,,,test-frame,560,hccf__beidian__clw0.1,0.004918032786885246,0.003220103421155395,,0.008743169398907104,0.004795657876891568,,0.013934426229508197,0.00645110598934547,,0.02540983606557377,0.00930459597971798,,0.05081967213114754,0.01428645314059956,
beidian,hccf,,,test-frame,600,hccf__beidian__clw1e-05,0.00546448087431694,0.003730778351873576,,0.009016393442622951,0.005188661616879315,,0.014207650273224045,0.006839902422018475,,0.02622950819672131,0.009827210687615016,,0.05273224043715847,0.01502555838639279,
beidian,hccf,,,test-frame,600,hccf__beidian__clw0.001,0.00546448087431694,0.003766551508587089,,0.009016393442622951,0.005224434773592828,,0.014207650273224045,0.006869425891908302,,0.02622950819672131,0.009858434103406654,,0.05245901639344262,0.015009865261258597,
beidian,hccf,,3,test-frame,80,base__beidian__hccf__L3__tst,0.001366120218579235,0.000891218444574567,0.0007285974499089253,0.002185792349726776,0.0012202846119358994,0.0009061930783242258,0.003551912568306011,0.0016633174725033297,0.0010894266631971549,0.006830601092896175,0.002489109250073353,0.0013140442662279439,0.01366120218579235,0.003839119071268645,0.001527397439526373
beidian,hccf,,3,val-best-recall@20,100,base__beidian__hccf__L3__val,0.001092896174863388,0.0007546064227166435,0.0006375227686703095,0.002185792349726776,0.0011893700783934245,0.0008697632058287795,0.004371584699453552,0.001878210701683829,0.0011429872495446263,0.007103825136612022,0.0025494152538073278,0.001316415038246739,0.01448087431693989,0.003981020833789835,0.001532759304592119
beidian,lightccn_multi,,,test-frame,140,beidian__derived_ef__softplus__global__ho_both,0.049453551912568304,0.03636446057572255,,0.0633879781420765,0.04212621725467502,,0.09289617486338798,0.05151953398477626,,0.13852459016393442,0.06303568311241799,,0.22049180327868853,0.07928037033641154,
beidian,lightccn_multi,,,test-frame,130,beidian__stateful_e__signed__global__ho_item,0.04453551912568306,0.033655032085285336,,0.062021857923497264,0.04081480351716861,,0.0942622950819672,0.05121700011109996,,0.13907103825136613,0.06245771073050889,,0.2191256830601093,0.07822603095820337,
beidian,lightccn_multi,,,test-frame,200,beidian__stateful_e__softmax__global__ho_user,0.04344262295081967,0.03202864903298252,,0.062021857923497264,0.039659105227787525,,0.09207650273224044,0.049391762266704914,,0.13825136612021857,0.061034067856048146,,0.23306010928961748,0.07968048391355607,
beidian,lightccn_multi,,,test-frame,250,beidian__derived_e__softmax__global__ho_both,0.04371584699453552,0.033316742333138596,,0.060655737704918035,0.040372882110125845,,0.0912568306010929,0.05030995605256271,,0.14262295081967213,0.06327826559972705,,0.2262295081967213,0.07967054793469763,
beidian,lightccn_multi,,,test-frame,110,beidian__derived_ef__signed__global__ho_item,0.04453551912568306,0.03359644698185057,,0.06229508196721312,0.0409337581165392,,0.09180327868852459,0.050416782310087234,,0.13852459016393442,0.06218829935588085,,0.22540983606557377,0.07935276487721993,
beidian,lightccn_multi,,,test-frame,190,beidian__derived_e__softmax__global__ho_user,0.04207650273224044,0.030691821366120666,,0.06120218579234973,0.03849775143031161,,0.0912568306010929,0.04819050009535147,,0.13825136612021857,0.06004154635191526,,0.23387978142076501,0.07889643103632177,
beidian,lightccn_multi,,,test-frame,150,beidian__stateful_e__softplus__global__ho_both,0.048087431693989074,0.03598391706186616,,0.0633879781420765,0.04234600339688579,,0.09316939890710382,0.05184818770773998,,0.13743169398907104,0.063027575976117,,0.21939890710382515,0.07920412511145729,
beidian,lightccn_multi,,,test-frame,150,beidian__derived_e__signed__global__ho_item,0.043989071038251365,0.032705228537276004,,0.06092896174863388,0.03973742090943328,,0.0942622950819672,0.05043192950026824,,0.13469945355191257,0.060654787089391086,,0.2133879781420765,0.07619869452011994,
beidian,lightccn_multi,,,test-frame,260,beidian__stateful_ef__softmax__global__ho_item,0.04426229508196721,0.03311506460284978,,0.060655737704918035,0.03982809867664127,,0.09180327868852459,0.04981813890101321,,0.142896174863388,0.06270130186348487,,0.22704918032786886,0.07920101599043826,
beidian,lightccn_multi,,,test-frame,130,beidian__stateful_ef__signed__global__ho_user,0.04890710382513661,0.037083293841725685,,0.0633879781420765,0.04305644549730905,,0.09398907103825137,0.05275244472134442,,0.13442622950819672,0.06288270424045922,,0.21530054644808744,0.07889632110918036,
beidian,lightccn_multi,,,test-frame,150,beidian__stateful_e__signed__global__ho_user,0.045081967213114756,0.03474792826014873,,0.060109289617486336,0.04094444859477797,,0.09234972677595628,0.051306744095594506,,0.1360655737704918,0.06236154069809396,,0.20928961748633879,0.07683859337757583,
beidian,lightccn_multi,,,test-frame,250,beidian__stateful_ef__softmax__global__ho_both,0.04644808743169399,0.03558056160128853,,0.06174863387978142,0.0418947531266482,,0.09398907103825137,0.052145492504447895,,0.1407103825136612,0.06399160932255864,,0.22759562841530054,0.08105627192237867,
beidian,lightccn_multi,,,test-frame,150,beidian__derived_e__signed__global__ho_both,0.04480874316939891,0.034201480172717035,,0.06147540983606557,0.04108008024689891,,0.09207650273224044,0.05088284016590154,,0.13278688524590163,0.061172965074051046,,0.21092896174863388,0.07667553715308492,
beidian,lightccn_multi,,,test-frame,250,beidian__derived_ef__softmax__global__ho_item,0.04262295081967213,0.03212300729313079,,0.06147540983606557,0.03988310838108123,,0.09098360655737706,0.04936569237028896,,0.14153005464480875,0.062147375428705715,,0.22295081967213115,0.07822228658432577,
beidian,lightccn_multi,,,test-frame,140,beidian__derived_e__softplus__global__ho_item,0.04207650273224044,0.03148220094555083,,0.06147540983606557,0.0395015918197921,,0.0959016393442623,0.050516918371144796,,0.1377049180327869,0.06101947183979193,,0.22377049180327868,0.07804586224118022,
beidian,lightccn_multi,,,test-frame,130,beidian__stateful_ef__signed__global__ho_both,0.04836065573770492,0.036774296641296327,,0.062021857923497264,0.04244232953434832,,0.09180327868852459,0.05193893541720741,,0.13579234972677595,0.0630342089824943,,0.21666666666666667,0.07899760518725503,
beidian,lightccn_multi,,,test-frame,150,beidian__derived_ef__signed__global__ho_user,0.04453551912568306,0.03422429211943829,,0.06120218579234973,0.041102892193620164,,0.0907103825136612,0.050673318120381936,,0.1355191256830601,0.06201835201406107,,0.20765027322404372,0.07626202359608313,
beidian,lightccn_multi,,,test-frame,200,beidian__derived_e__softmax__global__ho_item,0.04180327868852459,0.030994337961553896,,0.058469945355191254,0.037813069523660835,,0.0912568306010929,0.048325252065197784,,0.14016393442622951,0.06066374146769511,,0.23087431693989072,0.07848989146191006,
beidian,lightccn_multi,,,test-frame,160,beidian__stateful_e__softplus__global__ho_user,0.04590163934426229,0.035056925460578085,,0.06229508196721312,0.0417579858319546,,0.0912568306010929,0.05109993117452671,,0.13852459016393442,0.06301212207138741,,0.21256830601092896,0.07764821869168724,
beidian,lightccn_multi,,,test-frame,140,beidian__stateful_ef__softplus__global__ho_user,0.04781420765027322,0.035278045005855296,,0.060655737704918035,0.040569116921886014,,0.09043715846994535,0.050150692275939886,,0.13387978142076504,0.06107711460313976,,0.20792349726775955,0.07573119449833007,
beidian,lightccn_multi,,,test-frame,140,beidian__stateful_ef__softplus__global__ho_item,0.04781420765027322,0.0347868118901255,,0.06229508196721312,0.04075996354570886,,0.09180327868852459,0.050246134362912524,,0.1355191256830601,0.06121931623300126,,0.21530054644808744,0.07703435212530023,
beidian,lightccn_multi,,,test-frame,140,beidian__derived_ef__softplus__global__ho_item,0.04617486338797814,0.03390544418227993,,0.06448087431693988,0.041382308079109545,,0.09316939890710382,0.05062136489626557,,0.13934426229508196,0.06222600355044983,,0.22021857923497268,0.07824824151932198,
beidian,lightccn_multi,,,test-frame,170,beidian__derived_e__softplus__global__ho_user,0.04371584699453552,0.03289394505757257,,0.06174863387978142,0.040253137763671745,,0.09289617486338798,0.05022803008855806,,0.1366120218579235,0.06121763194266725,,0.21010928961748634,0.07568205424702874,
beidian,lightccn_multi,,,test-frame,150,beidian__derived_ef__softmax__global__ho_user,0.03961748633879782,0.029153315968969997,,0.059562841530054644,0.03731225960535224,,0.09180327868852459,0.04754455660535664,,0.13797814207650272,0.059100896206091526,,0.23169398907103825,0.07774986041566502,
beidian,lightccn_multi,,,test-frame,130,beidian__stateful_e__softplus__global__ho_item,0.046994535519125684,0.034637238658275324,,0.06420765027322405,0.04171526000667311,,0.09508196721311475,0.0515120006253773,,0.13907103825136613,0.06258307999619309,,0.22540983606557377,0.07968385052704813,
beidian,lightccn_multi,,,test-frame,120,beidian__stateful_ef__softplus__global__ho_both,0.04672131147540984,0.035212979297424396,,0.06366120218579235,0.042269119074411644,,0.0912568306010929,0.05109890256640388,,0.13852459016393442,0.06293725266128096,,0.21967213114754097,0.07893122626805378,
beidian,lightccn_multi,,,test-frame,200,beidian__derived_ef__softmax__global__ho_both,0.048087431693989074,0.03484876712529314,,0.0633879781420765,0.041091116436162894,,0.09344262295081968,0.05062234776332131,,0.14262295081967213,0.0629385416263667,,0.2278688524590164,0.07976632534006185,
beidian,lightccn_multi,,,test-frame,130,beidian__derived_ef__softplus__global__ho_user,0.05081967213114754,0.038169709411592936,,0.06530054644808743,0.04413088736476131,,0.09398907103825137,0.053233284622107975,,0.1377049180327869,0.06421220448387663,,0.223224043715847,0.08120493073096409,
beidian,lightccn_multi,,,test-frame,150,beidian__derived_e__signed__global__ho_user,0.04480874316939891,0.034094160702576495,,0.06120218579234973,0.04087903699085792,,0.09234972677595628,0.050854665457928515,,0.13387978142076504,0.06138113067526255,,0.21065573770491802,0.07658615106665115,
beidian,lightccn_multi,,,test-frame,140,beidian__stateful_e__signed__global__ho_both,0.04644808743169399,0.034949605990437546,,0.062021857923497264,0.04138146870652766,,0.09207650273224044,0.051003168778878914,,0.1377049180327869,0.06251428476826609,,0.21420765027322405,0.0775787842890675,
beidian,lightccn_multi,,,test-frame,140,beidian__derived_ef__signed__global__ho_both,0.04672131147540984,0.035365922661007444,,0.062021857923497264,0.04168011418636713,,0.0907103825136612,0.050868780329150015,,0.13688524590163934,0.06256020739262715,,0.21502732240437158,0.07793912776728168,
beidian,lightccn_multi,,,test-frame,170,beidian__derived_e__softplus__global__ho_both,0.04316939890710383,0.032864652505855185,,0.06229508196721312,0.04067058257004613,,0.09398907103825137,0.05076836766661038,,0.13497267759562842,0.06112241268848414,,0.21065573770491802,0.0760803330087845,
beidian,lightccn_multi,,,test-frame,250,beidian__stateful_ef__softmax__global__ho_user,0.04453551912568306,0.033108583997853644,,0.0633879781420765,0.04078486916889917,,0.09234972677595628,0.050069203427792294,,0.13879781420765028,0.06174253572966751,,0.22814207650273224,0.07938051754932003,
beidian,lightccn_multi,,,test-frame,130,beidian__stateful_ef__signed__global__ho_item,0.048633879781420766,0.036276582920570406,,0.06530054644808743,0.043143209292337295,,0.09289617486338798,0.05199025875385973,,0.13224043715846995,0.06194585282001252,,0.21612021857923497,0.07851105125761104,
beidian,lightccn_multi,,,test-frame,220,beidian__stateful_e__softmax__global__ho_item,0.04453551912568306,0.032799586797424285,,0.05983606557377049,0.03898206759621911,,0.09453551912568306,0.050024178765594646,,0.14016393442622951,0.06150708126578567,,0.22486338797814207,0.07821465111395806,
beidian,lightccn_multi,,,test-frame,250,beidian__stateful_e__softmax__global__ho_both,0.04371584699453552,0.033346034884855984,,0.060655737704918035,0.04036625355459826,,0.09234972677595628,0.050543787051492844,,0.14098360655737704,0.06283231637359432,,0.22513661202185792,0.07934521188607076,
beidian,lightccn_multi,,,test-frame,300,abx__beidian__s2021__tst,0.0453551912568306,0.03405838754586298,0.030191256830601094,0.06502732240437159,0.04208768628909981,0.03460382513661202,0.09617486338797815,0.05213704792588622,0.03873818197588689,0.15,0.065674478869186,0.04241577018124371,0.23387978142076501,0.08234398274267833,0.045101530964680905
beidian,lightccn_multi,,,val-best-recall@20,290,abx__beidian__s2022__val,0.0453551912568306,0.03474792826014873,0.03110200364298725,0.05983606557377049,0.04064923770124217,0.03433970856102004,0.09617486338797815,0.05231255874372444,0.03909998698933125,0.1453551912568306,0.06469398135367828,0.04247109383259335,0.23415300546448087,0.08230359597103469,0.04529121162260197
beidian,lightccn_multi,,,val-best-recall@20,310,abx__beidian__s2021__val,0.04453551912568306,0.03439667729800972,0.030919854280510015,0.06502732240437159,0.042814910720682824,0.03557832422586521,0.09508196721311475,0.05249757395761571,0.03955601092896175,0.1521857923497268,0.06689986904612642,0.043491914467527315,0.23442622950819672,0.08321549992971704,0.04610977308192865
beidian,lightccn_multi,,,test-frame,290,abx__beidian__s2023__tst,0.040983606557377046,0.03128389334699487,0.027959927140255005,0.06311475409836066,0.04031236429473069,0.032918943533697634,0.09863387978142077,0.051641606344222823,0.03750151791135397,0.1469945355191257,0.06369529645583778,0.040720702039092636,0.2336065573770492,0.0809339157479171,0.04350740561585469
beidian,lightccn_multi,,,test-frame,160,abx__beidian__s2022__tst,0.038524590163934426,0.028730518693403966,0.02536429872495446,0.05737704918032787,0.03651456718618437,0.029694899817850638,0.09371584699453551,0.04828745957476751,0.03456533524156474,0.1407103825136612,0.06006181838440411,0.0377390915166254,0.23497267759562843,0.07874897217754898,0.04073173626062581
beidian,lightccn_multi,,,val-best-recall@20,200,abx__beidian__s2023__val,0.03989071038251366,0.02954371021955538,0.02600182149362477,0.058469945355191254,0.03719811381919036,0.03025045537340619,0.0942622950819672,0.04876616382823458,0.035019516003122565,0.14754098360655737,0.062166896418496695,0.0386619108610049,0.2407103825136612,0.08056708910019562,0.04157740362352595
beidian,lightccn_multi,,1,val-best-recall@20,60,derived_ef__softmax__global__L1__none,0.03469945355191257,0.026365860560109623,0.023497267759562842,0.048087431693989074,0.031748590428621375,0.026407103825136613,0.07704918032786885,0.04103386282287675,0.030192341052996792,0.11994535519125683,0.051849820914167795,0.033146179529471416,0.2122950819672131,0.07021779070840095,0.03611126876483943
beidian,lightccn_multi,,1,val-best-recall@20,60,stateful_ef__softmax__global__L1__ho_user,0.034972677595628415,0.026544726343677192,0.023633879781420765,0.04890710382513661,0.03218674599847978,0.026707650273224044,0.08087431693989071,0.042497803027816826,0.030945550351288056,0.12650273224043715,0.05399408674383093,0.034082609661772734,0.21721311475409835,0.07198055413708028,0.03696493377889035
beidian,lightccn_multi,,1,val-best-recall@20,100,derived_ef__softplus__global__L1__none,0.037431693989071035,0.02895500837041404,0.02604735883424408,0.054098360655737705,0.03580966103976595,0.029845173041894348,0.08387978142076502,0.045296156188160894,0.03367724867724868,0.13142076502732242,0.05727516266590087,0.03694652374704271,0.21721311475409835,0.0741617888446924,0.03959841449239327
beidian,lightccn_multi,,1,val-best-recall@20,60,derived_e__softmax__global__L1__none,0.03442622950819672,0.026199955986534313,0.02336065573770492,0.048633879781420766,0.03192372572482238,0.02646174863387978,0.07704918032786885,0.04104152033881641,0.030182799895914648,0.11939890710382514,0.051735544312576466,0.03311226456045773,0.21366120218579235,0.07046537677375299,0.03613064548914355
beidian,lightccn_multi,,1,val-best-recall@20,60,derived_ef__softmax__global__L1__ho_user,0.034972677595628415,0.026609792052108085,0.02372495446265938,0.048633879781420766,0.03214611421859523,0.02674408014571949,0.0814207650273224,0.04270553006601792,0.031074898083094805,0.12650273224043715,0.054050542455989004,0.03416290945426737,0.21830601092896174,0.07223565336462272,0.03707081364501855
beidian,lightccn_multi,,1,val-best-recall@20,60,derived_e__softmax__global__L1__ho_user,0.03442622950819672,0.026099117121389907,0.02322404371584699,0.048087431693989074,0.031623465585462064,0.02622950819672131,0.08005464480874316,0.0418667178877058,0.03040029490849163,0.12595628415300547,0.053387358027804935,0.03352032945794048,0.2155737704918033,0.07114491433887142,0.03636051493127535
beidian,lightccn_multi,,1,val-best-recall@20,60,stateful_e__softmax__global__L1__none,0.03469945355191257,0.026466699425254033,0.023633879781420765,0.04836065573770492,0.03196710048449622,0.0266120218579235,0.076775956284153,0.041083282178489826,0.03033122994188568,0.12021857923497267,0.05203903342740403,0.0333246247064257,0.21256830601092896,0.07039677299538742,0.03628368525173537
beidian,lightccn_multi,,1,val-best-recall@20,70,stateful_e__softmax__global__L1__ho_user,0.03442622950819672,0.02588447818110883,0.022950819672131147,0.04918032786885246,0.03187951140810273,0.02622950819672131,0.08333333333333333,0.042826070167721636,0.030691191777257352,0.12896174863387977,0.05425932615571141,0.033776426662123,0.21967213114754097,0.07213987073428296,0.036595424266568935
beidian,lightccn_multi,,1,val-best-recall@20,120,derived_ef__softplus__global__L1__ho_user,0.04617486338797814,0.034891020887002785,0.031010928961748632,0.060655737704918035,0.04085219884017115,0.03431693989071038,0.08688524590163935,0.049226634232327496,0.03770936334460925,0.13005464480874318,0.059956434016584965,0.04055510445622358,0.21693989071038253,0.07705509021243724,0.043242370757175574
beidian,lightccn_multi,,1,val-best-recall@20,60,stateful_ef__softmax__global__L1__none,0.03442622950819672,0.026265021694965217,0.023451730418943533,0.04836065573770492,0.03188309394493784,0.026498178506375224,0.07650273224043716,0.04093077847868446,0.030199930609766674,0.12049180327868853,0.052023335385007856,0.03323077086288907,0.21256830601092896,0.07032892152755234,0.03618254290633062
beidian,lightccn_multi,,2,val-best-recall@20,170,derived_e__softmax__global__L2__none,0.03989071038251366,0.03000228065183492,0.026593806921675768,0.05683060109289618,0.03684289378535241,0.030309653916211293,0.0907103825136612,0.047813509841377784,0.034843438286061235,0.13688524590163934,0.05939013245109067,0.03796799469241483,0.23005464480874316,0.07784770156983604,0.040917224480782256
beidian,lightccn_multi,,2,val-best-recall@20,130,derived_ef__softplus__global__L2__none,0.04590163934426229,0.034933274648712424,0.03114754098360656,0.06311475409836066,0.04199932229469523,0.035054644808743166,0.09508196721311475,0.05219938977034624,0.039182279469164714,0.1412568306010929,0.06382604564906093,0.04234865048763948,0.226775956284153,0.08077147037070721,0.04505961354425604
beidian,lightccn_multi,,2,val-best-recall@20,170,stateful_e__softmax__global__L2__ho_user,0.0407103825136612,0.03052591679254536,0.027003642987249544,0.06092896174863388,0.03877858421482806,0.0315391621129326,0.09262295081967213,0.04896335255846522,0.03570582877959927,0.13907103825136613,0.06058218773268698,0.038830304785330665,0.23114754098360657,0.0788559827373618,0.041764143587338175
beidian,lightccn_multi,,2,val-best-recall@20,100,derived_ef__softplus__global__L2__ho_user,0.04562841530054645,0.03425669514441893,0.030327868852459017,0.06229508196721312,0.04103950559928093,0.03404371584699453,0.09289617486338798,0.05087829840708387,0.03806899991326221,0.14344262295081966,0.06358028603913088,0.04151416000176341,0.23415300546448087,0.08158300127234878,0.04440800772191362
beidian,lightccn_multi,,2,val-best-recall@20,80,derived_ef__softmax__global__L2__ho_user,0.03633879781420765,0.02704892066939924,0.023861566484517302,0.051639344262295085,0.03332719108751396,0.02733151183970856,0.0860655737704918,0.04437231556916412,0.03183764853846821,0.1308743169398907,0.055649917041427285,0.034905422532084715,0.22896174863387977,0.07504568667502817,0.03798594098363687
beidian,lightccn_multi,,2,val-best-recall@20,140,stateful_e__softmax__global__L2__none,0.038524590163934426,0.02897445018540243,0.025683060109289616,0.05491803278688524,0.03568748425919393,0.029385245901639344,0.09016393442622951,0.04697215225521796,0.03397660248070084,0.13743169398907104,0.05881949444470331,0.037174229871027316,0.2319672131147541,0.07747633427577014,0.040124516012434226
beidian,lightccn_multi,,2,val-best-recall@20,190,stateful_ef__softmax__global__L2__ho_user,0.04590163934426229,0.0328353599541378,0.028369763205828777,0.06530054644808743,0.040735013804229205,0.03270036429872496,0.09207650273224044,0.04927418450614261,0.03615458842917859,0.13907103825136613,0.061082718092279706,0.03935674396616258,0.23524590163934425,0.08011196778915058,0.04239089215861142
beidian,lightccn_multi,,2,val-best-recall@20,180,stateful_ef__softmax__global__L2__none,0.03961748633879782,0.029729056608119073,0.026320582877959926,0.05792349726775956,0.03721789420736366,0.030446265938069216,0.09016393442622951,0.04760445225155014,0.03470845259779686,0.13743169398907104,0.059484074514431905,0.037929795087239385,0.22868852459016392,0.07754055901474086,0.040806678531414925
beidian,lightccn_multi,,2,val-best-recall@20,180,derived_e__softmax__global__L2__ho_user,0.04180327868852459,0.031439947183841174,0.027868852459016394,0.06120218579234973,0.039399469546007516,0.03226775956284153,0.09234972677595628,0.049328459880154,0.03627992453812126,0.14043715846994537,0.06139629724383611,0.03954564910057094,0.23442622950819672,0.0799239973127102,0.042469085375033404
beidian,lightccn_multi,,2,val-best-recall@20,140,derived_ef__softmax__global__L2__none,0.03879781420765027,0.02897445018540243,0.025591985428051,0.0546448087431694,0.03545214187773305,0.029157559198542803,0.0907103825136612,0.046975833967445466,0.03383261774655217,0.1377049180327869,0.05871867770717611,0.036983453059241014,0.2314207650273224,0.07722128581660617,0.03991152349038005
beidian,lightccn_multi,,3,test-frame,320,twr__beidian__ho_both__L3__tst,0.04726775956284153,0.03636446057572255,0.032604735883424406,0.06502732240437159,0.04362992949592127,0.036607468123861564,0.09617486338797815,0.05355015866487991,0.04061421198716281,0.14672131147540984,0.06627231296188685,0.04407209362235247,0.230327868852459,0.08271445614209925,0.04664923127972022
beidian,lightccn_multi,,3,test-frame,290,twr__beidian__ho_item__L3__tst,0.04262295081967213,0.03153430544398946,0.02773224043715847,0.06174863387978142,0.03938813031784035,0.032076502732240435,0.09398907103825137,0.04972813695474654,0.03629282678463006,0.14398907103825137,0.06238760459262201,0.03977781639397256,0.23469945355191257,0.08028317028244909,0.04260973188375587
beidian,lightccn_multi,,3,val-best-recall@20,220,twr__beidian__ho_both__L3__val,0.04562841530054645,0.03427302648614406,0.030373406193078323,0.06284153005464481,0.04131512672729689,0.03425318761384335,0.09508196721311475,0.0515994238576058,0.03841410790181282,0.14808743169398908,0.06500142997647688,0.04209263476151767,0.2442622950819672,0.08392434273451743,0.04506428299472498
beidian,lightccn_multi,,3,val-best-recall@20,180,twr__beidian__ho_item__L3__val,0.03989071038251366,0.030067346360265815,0.026684881602914386,0.05491803278688524,0.03620399818282013,0.030059198542805098,0.09016393442622951,0.047588621424229205,0.03475106253794778,0.14344262295081966,0.0609687078052507,0.0383801953963541,0.23688524590163934,0.07935640972305978,0.04126669398452682
beidian,lightccn_multi,,3,val-best-recall@20,110,derived_ef__softplus__global__L3__none,0.04590163934426229,0.03452343858313865,0.030601092896174863,0.06038251366120219,0.04044869542906206,0.03386612021857923,0.09453551912568306,0.05142627891142198,0.038355993581403416,0.1483606557377049,0.06493859896118895,0.04201670027692714,0.2355191256830601,0.08217167151066601,0.044753399712710584
beidian,lightccn_multi,,3,val-best-recall@20,190,stateful_ef__softmax__global__L3__none,0.03961748633879782,0.02928992799082792,0.02572859744990892,0.05573770491803279,0.03586134346905901,0.02933515482695811,0.09016393442622951,0.04699183099701895,0.03392748720617573,0.13934426229508196,0.05945843083168292,0.03736620572400656,0.23524590163934425,0.07845804892469636,0.04040297260486689
beidian,lightccn_multi,,3,val-best-recall@20,100,derived_ef__softplus__global__L3__ho_user,0.04426229508196721,0.033983471100703086,0.03041894353369763,0.06038251366120219,0.04056686028134916,0.034039162112932606,0.09781420765027322,0.052574648295572186,0.03893865469685142,0.14918032786885246,0.06539725252557664,0.042370782287324174,0.23797814207650272,0.08298868410370423,0.045181709814777475
beidian,lightccn_multi,,3,val-best-recall@20,250,stateful_e__softmax__global__L3__ho_user,0.0453551912568306,0.03350208872170229,0.029417122040072862,0.06311475409836066,0.040695715427411086,0.033337887067395267,0.09344262295081968,0.05032498554661663,0.03720682626420331,0.14562841530054646,0.06349807745955854,0.04081068049588072,0.23497267759562843,0.0811768011576133,0.043625771265754586
beidian,lightccn_multi,,3,val-best-recall@20,240,derived_e__softmax__global__L3__none,0.04344262295081967,0.032223846158275206,0.028369763205828784,0.059562841530054644,0.03874736682684635,0.031921675774134795,0.09207650273224044,0.04924588477012205,0.03624306097666754,0.142896174863388,0.062138918391518236,0.039802801707429177,0.23469945355191257,0.08031280853116435,0.04270137660504025
beidian,lightccn_multi,,3,val-best-recall@20,220,derived_e__softmax__global__L3__ho_user,0.04316939890710383,0.031280523215262,0.027185792349726772,0.06120218579234973,0.0386157685165312,0.03120218579234973,0.09562841530054644,0.04972223500955717,0.035773592679330384,0.14344262295081966,0.06179620181772901,0.03908012529979997,0.23797814207650272,0.08048267531654138,0.04204986413032013
beidian,lightccn_multi,,3,val-best-recall@20,150,derived_ef__softmax__global__L3__ho_user,0.03879781420765027,0.028678414194965324,0.02518214936247723,0.05683060109289618,0.03610944911555442,0.02930783242258652,0.0912568306010929,0.04717987902717508,0.03383966519212421,0.13852459016393442,0.05909149227378939,0.037088581820412,0.23743169398907105,0.07876231540051588,0.04026447432403482
beidian,lightccn_multi,,3,val-best-recall@20,220,derived_ef__softmax__global__L3__none,0.040983606557377046,0.030281985300546894,0.02659380692167577,0.057650273224043716,0.03706479575540888,0.030309653916211293,0.09262295081967213,0.048327157239007046,0.03492941712204008,0.14344262295081966,0.06114954018977036,0.03843441549127232,0.23469945355191257,0.07918740135323296,0.04130060341480969
beidian,lightccn_multi,,3,val-best-recall@20,170,stateful_ef__softmax__global__L3__ho_user,0.0407103825136612,0.029937214943404022,0.02622950819672131,0.05792349726775956,0.03694339407731189,0.030068306010928962,0.0912568306010929,0.047704112500834214,0.034498005030791916,0.1412568306010929,0.06030785718928349,0.03793921773547339,0.23879781420765028,0.07970490072220122,0.041072157525058335
beidian,lightccn_multi,,3,val-best-recall@20,220,stateful_e__softmax__global__L3__none,0.04234972677595628,0.03126756200526974,0.02745901639344262,0.058469945355191254,0.03777910897142589,0.030997267759562838,0.09344262295081968,0.04900399058821235,0.03557962529274005,0.14426229508196722,0.06178632382794006,0.039051915613067464,0.23524590163934425,0.079735360688384,0.041890627697179245
beidian,lightccn_multi,,3,test-frame,100,stateful_ef__softmax__global__L3__none__uiedge,0.0366120218579235,0.02688301609582393,,0.051092896174863386,0.032760378132087396,,0.08387978142076502,0.04334315450044723,,0.13387978142076504,0.05584734463516498,,0.22459016393442624,0.0737679304399021,
beidian,lightccn_multi,,3,test-frame,100,derived_ef__softmax__global__L3__none__uiedge,0.034972677595628415,0.025617734742389108,,0.05136612021857923,0.032306821411350634,,0.08442622950819673,0.04296892003605827,,0.13469945355191257,0.05558500194744202,,0.22486338797814207,0.07341557213281745,
beidian,lightccn_multi,,3,test-frame,65,stateful_e__softplus__global__L3__ho_user__uiedge,0.03961748633879782,0.02875981124512135,,0.057650273224043716,0.03616689876088047,,0.08579234972677596,0.04513960877094233,,0.13333333333333333,0.05707142181291465,,0.21639344262295082,0.07347791417251925,
beidian,lightccn_multi,,3,test-frame,80,stateful_e__softplus__global__L3__none__uiedge,0.03961748633879782,0.029420059407689714,,0.05491803278688524,0.035770172040294354,,0.08360655737704918,0.044919405897933536,,0.1273224043715847,0.05597988773732624,,0.20737704918032787,0.07183928690913362,
beidian,lightccn_multi,,3,test-frame,100,derived_ef__softmax__global__L3__ho_user__uiedge,0.03442622950819672,0.025594922795667857,,0.05437158469945355,0.03378978753929507,,0.09016393442622951,0.04531826838190923,,0.13797814207650272,0.05732586576710075,,0.23087431693989072,0.07576140446839237,
beidian,lightccn_multi,,3,test-frame,100,derived_e__softmax__global__L3__none__uiedge,0.03442622950819672,0.025523376482240828,,0.05191256830601093,0.03261130569963417,,0.08224043715846995,0.042321284072731745,,0.13333333333333333,0.05512633803069176,,0.21967213114754097,0.07218591273545208,
beidian,lightccn_multi,,3,test-frame,100,stateful_e__softmax__global__L3__none__uiedge,0.03524590163934426,0.025956024494535854,,0.051639344262295085,0.03266905856832735,,0.08442622950819673,0.04324617337059834,,0.13469945355191257,0.0558520005088054,,0.2262295081967213,0.07392751646925623,
beidian,lightccn_multi,,3,test-frame,100,stateful_e__softmax__global__L3__ho_user__uiedge,0.034972677595628415,0.026206436591530442,,0.05327868852459016,0.033707247893190025,,0.08989071038251366,0.045516429258787273,,0.13825136612021857,0.05765162686964301,,0.2319672131147541,0.07623058911732176,
beidian,lightccn_multi,,3,test-frame,100,stateful_ef__softmax__global__L3__ho_user__uiedge,0.03524590163934426,0.02621291719652657,,0.056010928961748634,0.034712900702685144,,0.09153005464480875,0.046046346304538875,,0.1366120218579235,0.05732472554511124,,0.2336065573770492,0.07656037493322494,
beidian,lightccn_multi,,3,test-frame,100,derived_e__softmax__global__L3__ho_user__uiedge,0.034972677595628415,0.02565998850409875,,0.05191256830601093,0.032548496447276185,,0.08633879781420765,0.043612911252371024,,0.1366120218579235,0.0562789288558113,,0.22377049180327868,0.07358034409099552,
beidian,lightccn_multi,,4,val-best-recall@20,270,derived_ef__softmax__global__L4__ho_user,0.0453551912568306,0.03288409432084357,0.028597449908925317,0.06092896174863388,0.039220167417613784,0.03206739526411657,0.0953551912568306,0.050326193706299455,0.03663728423974325,0.14562841530054646,0.06302871806803571,0.040121394670987374,0.2366120218579235,0.08110585942494782,0.04302921262767994
beidian,lightccn_multi,,4,val-best-recall@20,330,derived_e__softmax__global__L4__none,0.043989071038251365,0.03227258052498098,0.028233151183970854,0.06311475409836066,0.040078510589171924,0.032522768670309656,0.09562841530054644,0.05054508369993884,0.03681498829039812,0.14590163934426228,0.06315682699288046,0.04022143418885031,0.23743169398907105,0.08113347624377293,0.04303131573141047
beidian,lightccn_multi,,4,val-best-recall@20,110,derived_ef__softplus__global__L4__ho_user,0.04617486338797814,0.03612700968872022,0.032650273224043715,0.0633879781420765,0.04319305733470302,0.03655737704918033,0.09863387978142077,0.05449458737564184,0.041165105386416864,0.14972677595628414,0.06731029520932187,0.04462858693439062,0.23497267759562843,0.084153761128721,0.04730327762745983
beidian,lightccn_multi,,4,val-best-recall@20,160,stateful_e__softmax__global__L4__none,0.037431693989071035,0.027507491101678785,0.02408925318761384,0.056010928961748634,0.03514992099889877,0.028324225865209468,0.08825136612021858,0.04556105561163417,0.032611024373319454,0.13825136612021857,0.058111985681686074,0.03600691590699458,0.23633879781420766,0.07749307912673528,0.039086318582308356
beidian,lightccn_multi,,4,val-best-recall@20,180,stateful_ef__softmax__global__L4__none,0.04016393442622951,0.0285418021731074,0.02454462659380692,0.056557377049180325,0.03531470475897384,0.028315118397085608,0.08934426229508197,0.04583976552095231,0.032614819151704395,0.13989071038251366,0.05855048076423797,0.03606760742396813,0.23633879781420766,0.07759776067598051,0.0390882247164266
beidian,lightccn_multi,,4,val-best-recall@20,220,stateful_ef__softmax__global__L4__ho_user,0.04234972677595628,0.031052923064988667,0.027185792349726772,0.06120218579234973,0.03870526083120421,0.03136612021857923,0.09644808743169399,0.04989584817621821,0.03586672738312082,0.1453551912568306,0.06214164147396819,0.03916557719791999,0.23579234972677596,0.08017160328726095,0.04209211692821552
beidian,lightccn_multi,,4,val-best-recall@20,90,derived_ef__softplus__global__L4__none,0.03961748633879782,0.030327609193989406,0.027140255009107463,0.059562841530054644,0.038498526532786646,0.03164845173041895,0.09262295081967213,0.04900277745211169,0.035875618006765544,0.15027322404371585,0.06347089775126367,0.039787600815077595,0.2360655737704918,0.08042385559620438,0.04247839324359831
beidian,lightccn_multi,,4,val-best-recall@20,290,stateful_e__softmax__global__L4__ho_user,0.045081967213114756,0.03301422573770536,0.028870673952641163,0.06311475409836066,0.04030157622931463,0.03283242258652095,0.09699453551912568,0.051177090299133435,0.03727751756440281,0.1448087431693989,0.06327332600359573,0.04060311372132541,0.2371584699453552,0.08158673925641978,0.04353746345463257
beidian,lightccn_multi,,4,val-best-recall@20,340,derived_ef__softmax__global__L4__none,0.04562841530054645,0.03274100169398952,0.028324225865209468,0.062021857923497264,0.039406140958121075,0.03197176684881603,0.09344262295081968,0.049588838528901995,0.036185488767455976,0.14426229508196722,0.06248642054272525,0.03975047736207204,0.23469945355191257,0.08036890205458491,0.04259477892586816
beidian,lightccn_multi,,4,val-best-recall@20,290,derived_e__softmax__global__L4__ho_user,0.04426229508196721,0.03284184055913393,0.028916211293260472,0.059562841530054644,0.0390722161675887,0.03233151183970857,0.09644808743169399,0.05106498333912634,0.037319151704397605,0.14453551912568305,0.06314522655779711,0.0405928636155632,0.23633879781420766,0.08137921597259007,0.04352607935086159
beidian,lightgcn_cc,,3,test-frame,300,beidian__lightgcn_cc__L3,0.03879781420765027,0.02876629185011748,0.025318761384335153,0.057103825136612024,0.036314997961437015,0.029512750455373403,0.09180327868852459,0.047484715404283735,0.034092505854800934,0.142896174863388,0.0603241105274457,0.03757435549608696,0.22704918032786886,0.07697144040446299,0.040223899710675845
beidian,lightgcn_cc,,3,val-best-recall@20,320,beidian__lightgcn_cc__L3,0.0407103825136612,0.030649567604411024,0.027185792349726776,0.057103825136612024,0.037386549083032496,0.030915300546448088,0.09316939890710382,0.04896293411328204,0.03564207650273224,0.14508196721311475,0.0619717391471284,0.039150283330135385,0.23060109289617486,0.07876507409865557,0.04177210908419354
beidian,lightgcn_cc,,4,test-frame,430,beidian__lightgcn_cc__L4,0.04289617486338798,0.03138784268540254,0.02741347905282331,0.05628415300546448,0.0368543884708192,0.030418943533697635,0.09371584699453551,0.04889006555749528,0.035345433255269315,0.14453551912568305,0.061651000541623334,0.03880388947152257,0.23333333333333334,0.07921551451804061,0.04160257331781072
beidian,lightgcn_cc,,4,val-best-recall@20,340,beidian__lightgcn_cc__L4,0.040437158469945354,0.029764829764832582,0.02609289617486339,0.056010928961748634,0.03617274507609272,0.0296448087431694,0.09153005464480875,0.04764650184466021,0.03437028363257871,0.14398907103825137,0.060887022800487606,0.03799036429498795,0.23087431693989072,0.07803865796668571,0.040705510673246834
beidian,mf,,,test-frame,140,mf__beidian,0.024863387978142075,0.018862050094652832,,0.036885245901639344,0.023824055843322218,,0.05983606557377049,0.03122788210653088,,0.09480874316939891,0.040043810330439265,,0.16530054644808742,0.05399264088821605,
beidian,mf,,,test-frame,140,mf__beidian,0.024863387978142075,0.018862050094652832,,0.036885245901639344,0.023824055843322218,,0.05983606557377049,0.03122788210653088,,0.09480874316939891,0.040043810330439265,,0.16530054644808742,0.05399264088821605,
beidian,mf,,,test-frame,160,mf__beidian,0.02540983606557377,0.01920033984679957,,0.03770491803278689,0.024291990488614388,,0.05819672131147541,0.030948293764905824,,0.09508196721311475,0.04030844220865514,,0.16420765027322404,0.05396496674176999,
beidian,mf,,3,val-best-recall@20,90,base__beidian__mf__L3__val,0.02459016393442623,0.018962888959797242,0.01703096539162113,0.03333333333333333,0.02257270893177634,0.019039162112932606,0.05737704918032787,0.030092344308352812,0.021996703963917077,0.09344262295081968,0.03919661130404651,0.024486126515195692,0.1598360655737705,0.05238929079840203,0.026612342475115305
beidian,mf,,3,test-frame,160,base__beidian__mf__L3__tst,0.02540983606557377,0.01920033984679957,0.017076502732240435,0.03770491803278689,0.024291990488614388,0.019918032786885247,0.05819672131147541,0.030948293764905824,0.022680414606644113,0.09508196721311475,0.040308241802803346,0.02526738930919132,0.16420765027322404,0.053964717706403396,0.027436415353953757
beidian,ngcf,,,test-frame,80,ngcf__beidian,0.022950819672131147,0.016425845647931463,,0.03415300546448088,0.021022864121994563,,0.05874316939890711,0.02908669005505131,,0.09316939890710382,0.03774640112785238,,0.16065573770491803,0.05104841064321998,
beidian,ngcf,,,test-frame,80,ngcf__beidian,0.023497267759562842,0.01637374114949282,,0.03360655737704918,0.02050007486063418,,0.05983606557377049,0.029000719641544662,,0.09344262295081968,0.03745668193406818,,0.16174863387978142,0.05093681414131027,
beidian,ngcf,,,val-best-recall@20,160,bt__beidian__ngcf__lr1e-4_reg1e-4__val,0.021584699453551914,0.015950943873926794,0.014025500910746811,0.03169398907103825,0.020053330180238176,0.016265938069216758,0.05218579234972678,0.026739788619869045,0.019062039205481825,0.09289617486338798,0.03690215440014509,0.021781708852840153,0.16530054644808742,0.05118039324678083,0.024038427819658037
beidian,ngcf,,,val-best-recall@20,80,bt__beidian__ngcf__lr1e-3_reg1e-4__val,0.020491803278688523,0.01567771983021095,0.014025500910746813,0.03224043715846994,0.020498106983319928,0.01668943533697632,0.06092896174863388,0.02965442414044268,0.02039877699713765,0.09508196721311475,0.038233041734158445,0.022721137441389434,0.16366120218579236,0.051782356031651294,0.024868928553337426
beidian,ngcf,,,val-best-recall@20,80,bt__beidian__ngcf__lr1e-3_reg1e-5__val,0.020491803278688523,0.01510197919106187,0.013251366120218579,0.03306010928961749,0.020203537701872238,0.01603825136612022,0.057103825136612024,0.027850382250995336,0.019118527192297684,0.09644808743169399,0.03775681273370905,0.021818528248703856,0.1650273224043716,0.051284598912922204,0.02395789690406232
beidian,ngcf,,,val-best-recall@20,140,bt__beidian__ngcf__lr5e-4_reg1e-4__val,0.023770491803278688,0.01623064852263877,0.01366120218579235,0.03442622950819672,0.020580350912826006,0.016051912568306008,0.0633879781420765,0.029920091459709707,0.019893637782982046,0.1005464480874317,0.03928367961201378,0.022448633410637926,0.1650273224043716,0.05205855643618009,0.024490484481881947
beidian,ngcf,,,val-best-recall@20,160,bt__beidian__ngcf__lr1e-4_reg1e-5__val,0.021584699453551914,0.015986717030640307,0.014071038251366118,0.03278688524590164,0.020511893290213485,0.016530054644808743,0.05191256830601093,0.026742170017348577,0.019128393616098534,0.09316939890710382,0.037026741906095666,0.021873812145154072,0.16475409836065574,0.05115450441257579,0.024112041591090518
beidian,ngcf,,,val-best-recall@20,140,bt__beidian__ngcf__lr5e-4_reg1e-5__val,0.022404371584699455,0.015648427278493564,0.013342440801457193,0.036065573770491806,0.021268565361885615,0.01645719489981785,0.06420765027322405,0.030341995363147623,0.02018659467429959,0.10218579234972677,0.039897019026279144,0.022785605677329016,0.16420765027322404,0.0521035069670791,0.02470219548769429
beidian,ngcf,,,val-best-recall@20,290,bt2__beidian__ngcf__lr5e-4_reg1e-5__val,0.03551912568306011,0.02571857360753352,0.022358834244080146,0.051092896174863386,0.032186357430868597,0.02597905282331512,0.08306010928961749,0.04234048310963767,0.03006483649926273,0.12595628415300547,0.053039944421842816,0.03292377209204596,0.20245901639344263,0.06807464656697672,0.035276537403515246
beidian,ngcf,,,val-best-recall@20,580,bt2__beidian__ngcf__lr1e-4_reg1e-4__val,0.032513661202185795,0.023864590404957357,0.020901639344262295,0.04644808743169399,0.029542531167004917,0.024016393442622953,0.07295081967213114,0.03808108159988305,0.027522660248070083,0.12049180327868853,0.050032842241614243,0.03076695652302793,0.19754098360655736,0.06530660920109849,0.033212008614047
beidian,ngcf,,,val-best-recall@20,180,bt2__beidian__ngcf__lr1e-3_reg1e-5__val,0.03278688524590164,0.02464848937939139,0.02185792349726776,0.04972677595628415,0.03154897102498381,0.025642076502732238,0.08114754098360656,0.0415444524195932,0.02967104692514529,0.1226775956284153,0.05190747030975199,0.03244393766947439,0.19672131147540983,0.06653552510650446,0.03476863016569783
beidian,ngcf,,,val-best-recall@20,290,bt2__beidian__ngcf__lr5e-4_reg1e-4__val,0.03579234972677595,0.025747866159250905,0.022313296903460834,0.05136612021857923,0.03225157108983094,0.025974499089253186,0.0825136612021858,0.04217762776686744,0.02998633879781421,0.12595628415300547,0.05302814508001795,0.032893644651593945,0.20382513661202187,0.0683132951973568,0.03527914160799029
beidian,ngcf,,,val-best-recall@20,190,bt2__beidian__ngcf__lr1e-3_reg1e-4__val,0.03114754098360656,0.023656432069672412,0.021083788706739524,0.04890710382513661,0.030933874692286114,0.025100182149362476,0.07923497267759563,0.04072579516394604,0.029130236794171222,0.12377049180327869,0.05189141942196648,0.03214559676269188,0.1959016393442623,0.06611574534415385,0.03439309064230869
beidian,ngcf,,,val-best-recall@20,580,bt2__beidian__ngcf__lr1e-4_reg1e-5__val,0.032513661202185795,0.023864590404957357,0.020901639344262295,0.04644808743169399,0.029542531167004917,0.02401639344262295,0.07349726775956285,0.03820615386089221,0.027543694162546623,0.12021857923497267,0.04993925454639587,0.03072155551828698,0.19754098360655736,0.06527493410945714,0.03317977694903376
beidian,ngcf,,,test-frame,300,ngcf__beidian,0.024316939890710383,0.01834489455893852,,0.03469945355191257,0.022541004651150366,,0.0546448087431694,0.02892370835245782,,0.08961748633879782,0.037712939541032275,,0.16065573770491803,0.051645202137855624,
beidian,ngcf,,,test-frame,90,ngcf__beidian,0.019398907103825136,0.014246533903200817,,0.031420765027322405,0.019196565949455218,,0.050546448087431695,0.02534848348488299,,0.0866120218579235,0.03436191304021647,,0.1551912568306011,0.047957853594904606,
beidian,ngcf,,3,test-frame,70,base__beidian__ngcf__L3__tst,0.019398907103825136,0.015059725429352229,0.013570127504553733,0.02841530054644809,0.018763269187231788,0.015619307832422588,0.051092896174863386,0.02606452111699878,0.018614146933819065,0.08579234972677596,0.03479414712313117,0.02098767402864495,0.16666666666666666,0.05071504085200398,0.023489165824587523
beidian,ngcf,,3,val-best-recall@20,20,base__beidian__ngcf__L3__val,0.018852459016393444,0.014038375567915866,0.012386156648451729,0.028688524590163935,0.018059011790741774,0.014599271402550093,0.050546448087431695,0.025108707666053116,0.017499024199843873,0.0866120218579235,0.034132714416904485,0.01992487636888236,0.15437158469945356,0.047414813040007886,0.021990797360019996
beidian,simgcl,,,test-frame,150,simgcl__beidian,0.03469945355191257,0.026508953186963675,,0.04890710382513661,0.03231653884215665,,0.06994535519125683,0.03895864257353449,,0.10300546448087432,0.047313066594618175,,0.1540983606557377,0.057320483239688545,
beidian,simgcl,,,test-frame,120,simgcl__beidian,0.036885245901639344,0.02804745858411435,,0.05027322404371585,0.03349005696470103,,0.07622950819672131,0.04171794621338839,,0.1051912568306011,0.0490060489706147,,0.1592896174863388,0.059741116534425744,
beidian,simgcl,,,val-best-recall@20,370,bt2__beidian__simgcl__lam2__val,0.020491803278688523,0.014822274542349894,0.012887067395264113,0.02841530054644809,0.01810302834696766,0.01471766848816029,0.04207650273224044,0.022487862640863044,0.016508803885853063,0.06229508196721312,0.027531005909678538,0.017857736579758608,0.09726775956284153,0.034360208635578815,0.018906575980088044
beidian,simgcl,,,val-best-recall@20,90,bt2__beidian__simgcl__lam02__val,0.038524590163934426,0.029982838836846534,0.027049180327868853,0.05983606557377049,0.038718164724465966,0.03187158469945355,0.09453551912568306,0.049856103048256994,0.03642130713852025,0.13688524590163934,0.06049326322391153,0.039304002072298776,0.20737704918032787,0.07450179570197012,0.04156279018908369
beidian,simgcl,,,val-best-recall@20,90,bt2__beidian__simgcl__lam01__val,0.043989071038251365,0.03523916137587853,0.03224043715846994,0.06475409836065574,0.04370322377479213,0.036885245901639344,0.0994535519125683,0.05489303945205489,0.04148495099314771,0.1505464480874317,0.06772485209135279,0.04496114813372972,0.22513661202185792,0.08254803917126946,0.04735265681908969
beidian,simgcl,,,val-best-recall@20,260,bt2__beidian__simgcl__lam1__val,0.029234972677595627,0.02195850270394256,0.01944444444444444,0.03907103825136612,0.025991112629183452,0.021671220400728598,0.056557377049180325,0.03147304981789446,0.023833376702229164,0.0825136612021858,0.038045768665452576,0.02564356266720754,0.12377049180327869,0.04622618441226939,0.026953749422844654
beidian,simgcl,,,val-best-recall@20,160,bt2__beidian__simgcl__lam05__val,0.03469945355191257,0.026460218820257904,0.023633879781420765,0.04726775956284153,0.031573751033483255,0.026434426229508198,0.07431693989071038,0.04028360770714333,0.030006939023332464,0.10491803278688525,0.047927979331239816,0.032056414180868575,0.1581967213114754,0.05840852568689287,0.03369991234172578
beidian,simgcl,,3,test-frame,200,base__beidian__simgcl__L3__tst,0.03469945355191257,0.026193475381538187,0.0232695810564663,0.048087431693989074,0.031671994869369835,0.02628870673952641,0.07213114754098361,0.0394035455389636,0.02945496140168271,0.10191256830601093,0.046827588448768505,0.03143998016806092,0.15710382513661203,0.05766253941869359,0.03312992632220022
beidian,simgcl,,3,val-best-recall@20,180,base__beidian__simgcl__L3__val,0.03415300546448088,0.026092636516393777,0.02331511839708561,0.04972677595628415,0.032488578125238934,0.026853369763205827,0.07486338797814207,0.04046625014391519,0.03005789747593026,0.10382513661202186,0.047670082194785454,0.031973475604109264,0.16120218579234974,0.058928522236789536,0.033730821076987494
ciaodvd,LightCCN-full,5,1,val-best-recall@20,80,dro__ciaodvd__t5__sef.sm.B__L1__val,0.023112188623915723,0.020295114450905594,0.016331541223454694,0.03543176531718421,0.02519046720425994,0.019102990847033735,0.058458991920730036,0.03270505224958279,0.022100659242425675,0.08652811770411381,0.040149798489923595,0.02400407765775458,0.14493434204606678,0.05267667786142164,0.025856213444626706
ciaodvd,LightCCN-full,5,2,val-best-recall@20,140,dro__ciaodvd__t5__sef.sm.B__L2__val,0.027037363828594577,0.023018768571196793,0.018275089510424284,0.03913610315483276,0.02775170814931557,0.021032370380550017,0.06259672164618556,0.03540140713679889,0.024068444019870225,0.0973940195175442,0.04465057920865302,0.026427767166697785,0.15333792186529466,0.05660935788791331,0.0281459622081523
ciaodvd,LightCCN-full,5,3,val-best-recall@20,170,dro__ciaodvd__t5__sef.sm.B__L3__val,0.02849310003670527,0.023948717759712114,0.01891924281313919,0.040217546321410516,0.028435043826701766,0.021565403205538,0.06488659674737174,0.036614609421322684,0.024772797419160747,0.096752089927407,0.04512355601458495,0.02695223784965153,0.16141496456727852,0.058852236794989805,0.028971688141243554
ciaodvd,LightCCN-full,5,4,val-best-recall@20,170,dro__ciaodvd__t5__sef.sm.B__L4__val,0.029468932723230024,0.02398411715813953,0.018672712708300652,0.04032049484655288,0.028302661611807698,0.02114847300184593,0.0650742262217227,0.036449823123706517,0.024427867363260816,0.1004262003111988,0.04596588031732094,0.026848854846210347,0.16590667483701457,0.0597498059207498,0.02889862906534422
ciaodvd,LightCCN-full,5,5,val-best-recall@20,210,dro__ciaodvd__t5__sef.sm.B__L5__val,0.029756396319151335,0.024275829803879902,0.019148136322463195,0.04123348259049404,0.02896306605541327,0.021765180257864714,0.06666031297431205,0.03728413134977844,0.025044878888040432,0.10229042334334014,0.04685801915537284,0.027494968429163054,0.1703620477845485,0.061171985618872944,0.02958381724279791
ciaodvd,LightCCN-full,5,6,val-best-recall@20,220,dro__ciaodvd__t5__sef.sm.B__L6__val,0.02886130439953089,0.023494759666967797,0.01827939192812969,0.04085382744252928,0.028320374359685183,0.021032355688505765,0.06602138549395205,0.03662096547235219,0.02432324397813665,0.1036202465246288,0.04663733166642055,0.026904905693490116,0.17203143799283832,0.06111058997530965,0.02902617508674655
ciaodvd,LightCCN-prop,5,3,val-best-recall@20,130,dro__ciaodvd__t5__sef.sm__L3__val,0.025050886837129156,0.021717189077555023,0.017311066766770862,0.03892517418014815,0.027205049355183985,0.02046011330880011,0.06310708637363872,0.03515077583536441,0.023670541863399817,0.09726983944792635,0.04424488985245808,0.026046887944079646,0.16048070755763802,0.0577449362882096,0.027979513099115328
ciaodvd,LightGCN,,1,val-best-recall@20,80,dro__ciaodvd__lightgcn__L1__val,0.022607651941572424,0.01961786704459759,0.015820212752234716,0.03443943260843359,0.024379933816451885,0.01846927455929251,0.05552276504220589,0.03126149906581923,0.021227009632810444,0.08640058332495935,0.039476760274526644,0.023315083707571873,0.14633733702528814,0.05230154006606958,0.025218034073091127
ciaodvd,LightGCN,,1,val-best-recall@20,80,lightgcn__L1,0.022607651941572424,0.01961786704459759,0.015820212752234716,0.03443943260843359,0.024379933816451885,0.01846927455929251,0.05552276504220589,0.03126361349959424,0.021228804410724625,0.08640058332495935,0.039476844324084125,0.023315381957431144,0.14633733702528814,0.05230137541183484,0.025218203227735252
ciaodvd,LightGCN,,2,val-best-recall@20,130,dro__ciaodvd__lightgcn__L2__val,0.025233444005108054,0.0211353132362722,0.016849359944030938,0.03691033122930463,0.025837591512366614,0.01949896210382388,0.0615013581214914,0.03398563015523096,0.02274848497496879,0.09611939562301403,0.043246248528216374,0.025096347540966894,0.15872462949838212,0.056620942902143014,0.0270540968549225
ciaodvd,LightGCN,,2,val-best-recall@20,130,lightgcn__L2,0.025233444005108054,0.0211353132362722,0.016849359944030938,0.03691033122930463,0.025837591512366614,0.01949896210382388,0.0615013581214914,0.03398345393314115,0.022746391067402245,0.09611939562301403,0.04324526642027424,0.02509518322238207,0.15872462949838212,0.056620214505155024,0.027053052579955644
ciaodvd,LightGCN,,3,test-frame,100,lightgcn__L3,0.026755881821145775,0.02231591327395319,,0.043968427528893836,0.029342467411868342,,0.06908286206066995,0.037598043048623624,,0.10695394462523639,0.04759159200047267,,0.17587755169459895,0.062297876546544624,
ciaodvd,LightGCN,,3,val-best-recall@20,90,dro__ciaodvd__lightgcn__L3__val,0.02450132438347954,0.019586426227910472,0.015050855150518816,0.03702362940023619,0.024531135917515753,0.017852394769701192,0.06328979015730585,0.03337598376451507,0.02135114411650069,0.09709768425777222,0.042317730122971374,0.02365939954784821,0.16187153099145055,0.05605990711695991,0.025642073720338394
ciaodvd,LightGCN,,3,val-best-recall@20,90,lightgcn__L3,0.02450132438347954,0.019586426227910472,0.015050855150518816,0.03702362940023619,0.024531135917515753,0.017852394769701192,0.06329158493522004,0.03338557532010062,0.021351323594292107,0.09709768425777222,0.042318610760018346,0.02365990854814437,0.16187153099145055,0.056060267276902824,0.025642323045603727
ciaodvd,LightGCN,,4,val-best-recall@20,130,dro__ciaodvd__lightgcn__L4__val,0.0266179065972742,0.02180930837266471,0.01703536739105117,0.039534918250618896,0.02700444583204141,0.0199892098847933,0.06483196382178588,0.035505806739593485,0.023387049713930814,0.1010026040408168,0.04509329387200703,0.025863060381516617,0.16806329815690987,0.059310419400872595,0.027943906081121437
ciaodvd,LightGCN,,4,val-best-recall@20,130,lightgcn__L4,0.0266179065972742,0.02180930837266471,0.01703536739105117,0.039534918250618896,0.02700444583204141,0.0199892098847933,0.06483196382178588,0.035505806739593485,0.023387049713930814,0.1010402943770146,0.04510671934783882,0.025864976070785018,0.16821405950170107,0.05933783219768273,0.027947309562454337
ciaodvd,LightGCN,,5,val-best-recall@20,90,dro__ciaodvd__lightgcn__L5__val,0.024145607383125146,0.019440983216590442,0.015073256986450198,0.035803494771332135,0.0241180020691615,0.01767011900907418,0.05978775551710633,0.032124371451390174,0.020882134374388666,0.09579914571143866,0.04175007898759173,0.023376785387560564,0.16019329683625882,0.055405855800117816,0.02536857590303483
ciaodvd,LightGCN,,6,val-best-recall@20,140,dro__ciaodvd__lightgcn__L6__val,0.02582791012419081,0.021797581857479514,0.01728860433285701,0.0401012465638172,0.027467132386552393,0.0204315836256433,0.06449043822860072,0.03560913672851629,0.02367398117736877,0.09958279611463552,0.04489509290150734,0.02607219658218157,0.16518465840679647,0.05889685653626899,0.028135237823417793
ciaodvd,arb,,,test-frame,171,arb__ciaodvd__sslrec_k5,,,,0.0232,0.016,,0.0388,0.0212,,0.0574,0.0263,,,,
ciaodvd,hccf,,,val-best-recall@20,770,hf__ciaodvd__hccf__A_hyp50__val,0.011914623607867374,0.009626599492603728,0.007331490552271056,0.01755723676970261,0.011854276234624856,0.008612988360792833,0.029539940824466152,0.01575932129551837,0.010159968161413077,0.04684262233904815,0.02040844279863546,0.011301669988725126,0.08076193008464637,0.027599185684690573,0.012357225715690864
ciaodvd,hccf,,,val-best-recall@20,40,hf__ciaodvd__hccf__A_kr0.25__val,0.0005779184883662495,0.0005625114176339019,0.0003919794964571084,0.0011411105938469123,0.0008062335213068955,0.0005200530076151967,0.0020456786625940855,0.0010740831638365884,0.00064314485956277,0.004005576144879628,0.0015955883804402453,0.0007870229636287936,0.010239729371261117,0.002910777548381703,0.0009670891756407156
ciaodvd,hccf,,,val-best-recall@20,100,hf__ciaodvd__hccf__Axav_kr0.75__val,0.01153995820684172,0.00981778696257429,0.007430447803690556,0.016798079833796165,0.011994879906679698,0.008657718069652758,0.031620567716244136,0.01690148131755309,0.010530917807819083,0.051064318935323864,0.022101416582715697,0.011810789589701763,0.09089514071891183,0.030617297332533815,0.013043174642659246
ciaodvd,hccf,,,val-best-recall@20,40,hf__ciaodvd__hccf__Axav_clw1e-2__val,0.01259976917413747,0.010477545057084064,0.007921956656884482,0.018280324953093653,0.01281724751238366,0.00921484435185984,0.03161090038454619,0.017198272414139352,0.01097712311339793,0.049141475428059765,0.021889153422927216,0.012149245956609564,0.08606282423513716,0.029794671159035273,0.013301122501960942
ciaodvd,hccf,,,test-frame,80,hf__ciaodvd__hccf__B__tst,0.00042554184345229123,0.0005257140489716201,0.0003039157268012989,0.0006530299440747202,0.0005888163872882395,0.0003607204477851244,0.0011471975685001465,0.0007225931191406991,0.00041932697169769386,0.002287409317062547,0.0010052976522668291,0.0004985147410238078,0.005978264070040893,0.001784219236971417,0.0006124986356465104
ciaodvd,hccf,,,val-best-recall@20,150,hf__ciaodvd__hccf__A_clw1e-4__val,0.003009603258359477,0.002647630207093654,0.002004407974557228,0.0045109349835718,0.0031799687604308615,0.0023307434688031705,0.007223313815353616,0.004033850096743415,0.0026729237949920247,0.012445742273874339,0.005414823047980507,0.0030266554974743257,0.026338063806620772,0.008357488075929955,0.003453104329872383
ciaodvd,hccf,,,test-frame,1170,hf__ciaodvd__hccf__A__tst,0.011078630132131433,0.009447408952597358,0.007504977375557216,0.01701386225980253,0.011803527477319518,0.00882790525436847,0.0306274591126564,0.016257695344278875,0.010640457142157523,0.05040080263940596,0.021577241416765734,0.011968774541178074,0.08852047978489117,0.029683904952981285,0.013141551656515288
ciaodvd,hccf,,,val-best-recall@20,530,hf__ciaodvd__hccf__A_clw1e-2__val,0.006854001234372106,0.0055382053783489885,0.004225568921031004,0.009995749889363371,0.006781799268224732,0.004905285899767592,0.01735712750412523,0.009160331958216713,0.005898724383403665,0.030114714564740117,0.012560507501818412,0.006761486315779716,0.05846483161013681,0.018518087343338836,0.00761945083882381
ciaodvd,hccf,,,val-best-recall@20,100,hf__ciaodvd__hccf__Axav__val,0.014185329435037829,0.012295997201761657,0.009746436985937251,0.020545886980579547,0.014798991294463701,0.011142399809986913,0.03416915909394987,0.019322906195051507,0.012922886677769583,0.055130537164641356,0.025050180019158715,0.014365744031607315,0.10048937073936175,0.0347199059192758,0.01578051506835246
ciaodvd,hccf,,,val-best-recall@20,500,hf__ciaodvd__hccf__A_hyp250__val,0.007611549260795104,0.006401764496547686,0.005083167020408666,0.010435048126143544,0.007508546218708714,0.005698333660963074,0.016234995806927683,0.009381757537871394,0.006457417266598235,0.026441877988080762,0.012150536699699323,0.007148024901052482,0.04863025997552803,0.016917220332887634,0.007837407382452328
ciaodvd,hccf,,,val-best-recall@20,150,hf__ciaodvd__hccf__Bxav__val,0.02022707370426352,0.017434596011677777,0.013386002692426102,0.029539892913591694,0.021131946481400904,0.01547762057898168,0.042678884692726064,0.025464537737380107,0.017237034929451257,0.06581298999143767,0.031649306522172085,0.018805971996908304,0.10804894696203034,0.040777541516128765,0.020102315304395865
ciaodvd,hccf,,,val-best-recall@20,120,hf__ciaodvd__hccf__A_L3__val,0.0014313952124897398,0.0011330278963976132,0.0007630199172487731,0.0019656147603368023,0.0013214328353767153,0.0008852677033511989,0.003263777625663847,0.0017365846621150362,0.0010575304875542818,0.005908832805987887,0.0024270866003425966,0.00122287248251659,0.011199614005271244,0.0035574274168644468,0.0013821539149038028
ciaodvd,hccf,,,val-best-recall@20,230,hf__ciaodvd__hccf__A_kr0.75__val,0.004717693399285439,0.004290069047024465,0.00316251833664769,0.007166043769956026,0.00518814197389469,0.0037021223955868913,0.012802953386965146,0.0070308050525267115,0.004475504078162682,0.022002858555556296,0.009463907431819954,0.005091209536130583,0.043603017615292464,0.014006252990008015,0.005759375238011316
ciaodvd,hccf,,,val-best-recall@20,80,hf__ciaodvd__hccf__Axav_clw1e-4__val,0.015405241150799956,0.013766126528118667,0.010590539350504344,0.021284043822908823,0.015826838851962916,0.011892336369171556,0.03613010695927775,0.020675626383838432,0.013815681283474247,0.05742609857982262,0.026360078571653102,0.015293453128716904,0.10277917936274283,0.03611725185619101,0.016724941092108116
ciaodvd,hccf,,,val-best-recall@20,90,hf__ciaodvd__hccf__B__val,0.00048129961065284445,0.000576723995067097,0.0002876829576663739,0.0005868325520066814,0.0005673293416578612,0.00031406619300483314,0.0013885000203408165,0.0008067324088409285,0.00042246579352715334,0.00354456672864633,0.0013570584947283563,0.0005644243842092669,0.006447244733088243,0.0019545431422957975,0.0006530475619038541
ciaodvd,hccf,,,val-best-recall@20,530,hf__ciaodvd__hccf__A__val,0.00674846829301827,0.005533573797770481,0.004190391273913058,0.010498287705334026,0.00698791637431131,0.005004537118421795,0.017055604814542838,0.009095020411443038,0.005887271706113509,0.03006446078314305,0.012549207243927335,0.006764802189595912,0.05817964411260986,0.01847561301113074,0.007620829145140823
ciaodvd,hccf,,,val-best-recall@20,90,hf__ciaodvd__hccf__Axav_hyp250__val,0.013312786178211524,0.011499723141589499,0.008662054288171996,0.018267635004611683,0.013402404057111376,0.009809609724510789,0.029469294623049806,0.01708415513484976,0.011285179727468843,0.04818727533231601,0.022147613957944748,0.012575810163901089,0.0889546887079622,0.030858730524178573,0.01383367241621874
ciaodvd,hccf,,,val-best-recall@20,110,hf__ciaodvd__hccf__Axav_hyp50__val,0.014335057281430636,0.012826607820983228,0.009959311263703507,0.023694926282407446,0.016554002442770402,0.012065218262926806,0.04131574500510856,0.022383491358027637,0.014366169167469712,0.06678766614391786,0.029283269649026576,0.016134892430463996,0.1147139458219087,0.039562743004466217,0.017624288486722938
ciaodvd,hccf,,,val-best-recall@20,160,hf__ciaodvd__hccf__Axav_kr0.25__val,0.021690312306593258,0.017435280480451384,0.01350799810193285,0.03219877745001774,0.0218033711264425,0.015872098014695687,0.051806148926594506,0.028239901557939096,0.01843178358622647,0.07543494335491464,0.03453752943350062,0.02002976760780005,0.12609465666031572,0.04540722654952454,0.021606696253497103
ciaodvd,hccf,,3,val-best-recall@20,120,base__ciaodvd__hccf__L3__val,0.0014313952124897398,0.001152767042119226,0.0007881468080473056,0.0019656147603368023,0.0013411719810983282,0.0009103945941497315,0.003263777625663847,0.0017581276928579207,0.0010843325044060496,0.005758071461196691,0.0024147938125147453,0.0012424456245158787,0.011199614005271244,0.0035797256157565024,0.0014094010513787968
ciaodvd,hccf,,3,test-frame,140,base__ciaodvd__hccf__L3__tst,0.0009626043522967479,0.0010642236575003929,0.0006793858319434727,0.002272792229648804,0.0015505852367158955,0.0009764215767404114,0.003751928534655756,0.0019790813202139553,0.0011639100602487953,0.006255574695018334,0.0026519653078230683,0.0013460109517039848,0.012921765887093494,0.004049258505790933,0.001543564457192724
ciaodvd,lightccn_multi,,,test-frame,160,abx__ciaodvd__s2022__tst,0.032397304488498695,0.027500594670797456,0.021619373717005036,0.045750368798826546,0.03276659301180723,0.02465637074840569,0.07373327375968301,0.0418245151102137,0.028247707907525996,0.1097237693441177,0.051454198360962634,0.030701207814616473,0.18157511342688418,0.0667536478580164,0.03297383279866401
ciaodvd,lightccn_multi,,,val-best-recall@20,120,abx__ciaodvd__s2022__val,0.025591577857575033,0.02224872319758401,0.017079491657401136,0.0389933792237292,0.027390993593347797,0.0201342348499987,0.06274294474657648,0.035146193018535485,0.023267850048819236,0.09837512061101113,0.044587900746030286,0.02568567472745999,0.16246721160714375,0.05827229339041473,0.027695435869979565
ciaodvd,lightccn_multi,,,test-frame,170,abx__ciaodvd__s2021__tst,0.03315773592017863,0.0281690552897248,0.0223191407917173,0.047845335015691715,0.03400642105096883,0.025656592169955455,0.07950357342903888,0.04445030113214951,0.029863253251356706,0.11558321568073714,0.05392961662343901,0.032305885666571714,0.18595675697837716,0.06899677878115712,0.03452844046821605
ciaodvd,lightccn_multi,,,test-frame,180,abx__ciaodvd__s2023__tst,0.03394496327277073,0.02897568855224385,0.022684957306149684,0.04794916575293854,0.034368647987975745,0.02577338492643037,0.07623961200681781,0.043646982255897034,0.029491039965255178,0.11176077836193506,0.053041383804767715,0.031934357096295975,0.17592369386376777,0.06669341432262921,0.03394319589587116
ciaodvd,lightccn_multi,,,val-best-recall@20,90,abx__ciaodvd__s2021__val,0.02816278389107486,0.023103278339419435,0.01767472830125536,0.039518706305055024,0.027551092050863594,0.020245147864420908,0.06635097906207112,0.036337759980236244,0.023758388166252392,0.10628799523867005,0.0468524796199352,0.026494753114189747,0.1692112993812238,0.060233623110070245,0.02844262477350733
ciaodvd,lightccn_multi,,,val-best-recall@20,150,abx__ciaodvd__s2023__val,0.028213335741075787,0.024143078556114302,0.018256670199969696,0.04310440121035536,0.029975736256618257,0.021678386502557927,0.06927830521769358,0.03842360743967214,0.025142047843164546,0.10415653797012034,0.04781443794090569,0.027564999884181682,0.16220311226253878,0.06028893819216155,0.029386775817188755
ciaodvd,lightccn_multi,,1,val-best-recall@20,100,derived_e__softmax__global__L1__ho_user,0.024298022552286965,0.020809376308298974,0.016731539812309727,0.03425807862440182,0.024776314963321684,0.01899395226728319,0.05545206298320441,0.03183887550960987,0.02178709983366436,0.08717125556446483,0.0403250040640838,0.023963544431075765,0.14705623978980262,0.053158176400814175,0.025858524152572733
ciaodvd,lightccn_multi,,1,val-best-recall@20,140,derived_e__softmax__global__L1__none,0.022710470758665613,0.01923689007489134,0.01537598118951601,0.03339822607169879,0.023666347911766607,0.017833385606801873,0.056534507938664234,0.03121636728907999,0.02082478827172175,0.08281555442771969,0.03825936117270249,0.022618244146251264,0.14250196179915514,0.051086790052267496,0.02451139856358342
ciaodvd,lightccn_multi,,1,val-best-recall@20,60,derived_ef__softplus__global__L1__none,0.02308518505725712,0.019810375174327252,0.01575917811038493,0.03242297847571751,0.023528187915410306,0.017844819932105873,0.0553169141765171,0.031064252251344137,0.02082493806504249,0.08337696103185414,0.03858250688057764,0.022786308640765106,0.14664374704322786,0.05204264606915768,0.02476672152252881
ciaodvd,lightccn_multi,,1,val-best-recall@20,80,stateful_ef__softmax__global__L1__none,0.02236966439015204,0.019707305416926335,0.015915168820998218,0.033688164584831586,0.024237716761698308,0.018435791318349125,0.05609782945584392,0.03152871009375329,0.021342344684771405,0.08659016228927056,0.03962173145156734,0.02339457630012049,0.14651947560793552,0.05238992999893046,0.02525831431267215
ciaodvd,lightccn_multi,,1,val-best-recall@20,100,stateful_ef__softmax__global__L1__ho_user,0.024132185073016652,0.02079041674452915,0.01678091943658766,0.03483525741282588,0.025180366698036586,0.01920028923803121,0.056757651477782695,0.03240174776149161,0.02204643598130078,0.08862037318932449,0.040948822009197694,0.024239815130809264,0.1481737395138505,0.053728848913312185,0.02614442928058372
ciaodvd,lightccn_multi,,1,val-best-recall@20,90,derived_ef__softplus__global__L1__ho_user,0.024748869884536118,0.021814700364332196,0.0172134505030203,0.03415346522472291,0.025426074313786958,0.019344777658498596,0.05562280467703047,0.032392608072420746,0.022101412694829736,0.08755533046572697,0.04084695336880635,0.024283691877529243,0.1451473843313237,0.05318019195964598,0.026082125895604772
ciaodvd,lightccn_multi,,1,val-best-recall@20,100,stateful_e__softmax__global__L1__ho_user,0.024117108938537534,0.02075494760503256,0.016743824070033452,0.034429410885286324,0.024931650570275514,0.01908189055588483,0.05573289849577597,0.031995258524578844,0.021896604201353483,0.08711478688700537,0.04040343943211831,0.024049761036014417,0.14766469992403505,0.05335910336323077,0.025968234746293242
ciaodvd,lightccn_multi,,1,val-best-recall@20,140,derived_ef__softmax__global__L1__none,0.022986866557449474,0.01929968518707594,0.015401108080314542,0.03386642380357812,0.023826755728061866,0.01787479597027215,0.05618091067829648,0.031108566076085947,0.020769456317467832,0.08318830614838303,0.038344279275103275,0.022626338788630396,0.1429003795840448,0.051152501666651015,0.024506755093211437
ciaodvd,lightccn_multi,,1,val-best-recall@20,140,stateful_e__softmax__global__L1__none,0.02313762790224067,0.019375065859471536,0.015451361861911608,0.03414281960236197,0.02396495102982599,0.017946826390561273,0.05587938798871409,0.03106459159091742,0.02078358954326015,0.08310653905790946,0.03836441406860849,0.022666343109090187,0.14283435466886144,0.05119376413153114,0.024551782994687552
ciaodvd,lightccn_multi,,1,val-best-recall@20,100,derived_ef__softmax__global__L1__ho_user,0.02388259129108456,0.020778676855059647,0.01678609672568847,0.03520109297766642,0.025442040922140766,0.019387107297872744,0.05663871752800297,0.03245336681092623,0.022173488797730907,0.08778345960997336,0.040800485063428905,0.024309923839490048,0.1476096511325492,0.053661101152076354,0.02622515474595502
ciaodvd,lightccn_multi,,2,val-best-recall@20,130,stateful_ef__softmax__global__L2__none,0.024548408010362673,0.020672184300139024,0.01645328102952865,0.037561407255216464,0.025971953550843932,0.019383304648256966,0.05950862646121713,0.03322305706036164,0.022280695662568756,0.09318093660232002,0.04227152104784472,0.02461161063012826,0.15821838387578233,0.05610154933163764,0.02664712233106454
ciaodvd,lightccn_multi,,2,val-best-recall@20,90,derived_ef__softmax__global__L2__ho_user,0.02369475724716872,0.02045468882035507,0.016213059661415778,0.03812677041727855,0.026300417882101586,0.019430772012886385,0.06260288063417414,0.03430652673715412,0.022637991454900964,0.09558953037182803,0.04305783075004081,0.024832638353159284,0.16165515268297553,0.05706357078311786,0.026887132719933697
ciaodvd,lightccn_multi,,2,val-best-recall@20,120,derived_ef__softplus__global__L2__none,0.024555643462160947,0.021489225182613085,0.01686819515276525,0.03798750052756028,0.02687246472108118,0.019907637085813706,0.06091821708832674,0.03441586282639469,0.022950885402358432,0.09365506667683125,0.04313865428680084,0.025194474312881843,0.1551239469173826,0.056282696188284666,0.02710940619615679
ciaodvd,lightccn_multi,,2,val-best-recall@20,130,derived_ef__softmax__global__L2__none,0.024848753931756545,0.020669458100738454,0.016425907988221012,0.03696171212815815,0.025633143265011746,0.019177573411864407,0.05879047599182288,0.032837229824320184,0.022077975194506404,0.09289669577929584,0.042056729076156284,0.024449992832624237,0.15726408529305083,0.05575871818209571,0.026464699455837352
ciaodvd,lightccn_multi,,2,val-best-recall@20,130,derived_e__softmax__global__L2__none,0.024599907973955365,0.020471588125446905,0.016311550722122453,0.037063057254378896,0.02558756467339427,0.019139214845686755,0.05849098738387656,0.032728554644440896,0.02198881836220908,0.09323286672049642,0.04207976164750719,0.024399571640416153,0.1577382189705835,0.055789780420816185,0.026408376118383682
ciaodvd,lightccn_multi,,2,val-best-recall@20,100,stateful_e__softmax__global__L2__ho_user,0.02436683569177692,0.02096460274641323,0.0166657133222804,0.03699500244148712,0.02604015252267903,0.019472888168316178,0.062145765655914884,0.03430596718465377,0.02283561402244177,0.09328082301442836,0.042674202532385776,0.024984021136689866,0.15898316967982845,0.05668207728130417,0.027055451644009326
ciaodvd,lightccn_multi,,2,val-best-recall@20,140,stateful_e__softmax__global__L2__none,0.02552717998331692,0.02149147286393824,0.01718340760370344,0.03752630049120831,0.026307128094000123,0.01988661021067045,0.06029144172310761,0.033785325026375705,0.022848698015233777,0.09300379394358194,0.042610456122895664,0.025099240314886112,0.15642624904336375,0.05619307958586735,0.027119910404727266
ciaodvd,lightccn_multi,,2,val-best-recall@20,90,stateful_ef__softmax__global__L2__ho_user,0.0241205921619513,0.020886751150582847,0.016558429112779997,0.03774623117648124,0.026336649577369295,0.01961879151708974,0.062032405760890294,0.034380132059309225,0.02286369747945086,0.09643582508211644,0.043494045210660796,0.025173831712107186,0.16153422484376895,0.05732135913715606,0.027203098388588868
ciaodvd,lightccn_multi,,2,val-best-recall@20,100,derived_ef__softplus__global__L2__ho_user,0.024589732277344286,0.021170152377730313,0.016286437787483645,0.037533564174672934,0.026274544253682915,0.019167738400148043,0.05852271008519093,0.033138609000444304,0.02186569109064246,0.0919508710374803,0.04194612523653448,0.024116448359646422,0.14749077743534603,0.05391756044524296,0.025871150369260895
ciaodvd,lightccn_multi,,2,val-best-recall@20,140,derived_e__softmax__global__L2__ho_user,0.027342107301482527,0.02252112060512305,0.01776115325735367,0.038604580184189614,0.02703810831353693,0.020271230186236205,0.061097843139327576,0.0344113820312365,0.023189761556398694,0.09545706372770231,0.043634044355015965,0.025571685043618453,0.15771033307756868,0.05693415562526305,0.02752149507483407
ciaodvd,lightccn_multi,,3,test-frame,220,twr__ciaodvd__ho_item__L3__tst,0.03505949827928934,0.028779487341736316,0.022752429150853196,0.049006806944872666,0.034339236294169434,0.025872045082330868,0.07565994959065153,0.04305218003193605,0.02940738157612693,0.11406289423928703,0.053336832747145006,0.032057939695127984,0.18614713353772688,0.06875296100550769,0.03433110373484986
ciaodvd,lightccn_multi,,3,val-best-recall@20,110,twr__ciaodvd__ho_item__L3__val,0.024545354461402297,0.02067827641068429,0.015921434285578226,0.03997159049992327,0.026826391314138935,0.019390330134059795,0.06377562235335803,0.03465806688589315,0.022596774328378148,0.09980749391720323,0.04425147957660859,0.025057814719732736,0.1677973231847859,0.0586328740855239,0.02714819705025985
ciaodvd,lightccn_multi,,3,test-frame,170,twr__ciaodvd__ho_both__L3__tst,0.03560801518164312,0.029538196440819935,0.023408085900896894,0.05075190754127898,0.035587824740206456,0.026847724578314063,0.07797282568483899,0.04458809164271248,0.03047306621520708,0.11739478485391729,0.0550737796449055,0.033142943026252855,0.18537892911405568,0.06962478288131664,0.035282427248643035
ciaodvd,lightccn_multi,,3,val-best-recall@20,130,twr__ciaodvd__ho_both__L3__val,0.02712448304885245,0.023066632450720208,0.01801359252645459,0.0414578095712337,0.028721988809657133,0.02125845343300704,0.06837667925439297,0.03747948222978721,0.02474431026280711,0.10548959358103142,0.04739346534434737,0.027281066192701077,0.1690121180540544,0.06093697075207134,0.02925655715524978
ciaodvd,lightccn_multi,,3,test-frame,85,stateful_e__softplus__global__L3__ho_user__uiedge,0.03193831581967943,0.0269207222018176,,0.04560436376251051,0.03227684022289585,,0.06992484792092507,0.04032619506878135,,0.10337371113123117,0.04933519510749556,,0.162722414527709,0.062140560051995725,
ciaodvd,lightccn_multi,,3,test-frame,100,derived_ef__softmax__global__L3__ho_user__uiedge,0.031601602711642786,0.025943870853090266,,0.04691634369586933,0.03198190050984662,,0.0737197292581207,0.04086207970478792,,0.11266148902020627,0.051186239996248786,,0.18052953980009634,0.06559975597776546,
ciaodvd,lightccn_multi,,3,test-frame,100,stateful_e__softmax__global__L3__none__uiedge,0.028573616576465337,0.02339977391418055,,0.043436311772897494,0.02919466826537765,,0.07012616781571265,0.0380009639488129,,0.1053208373104908,0.04734911966613691,,0.17383312755037478,0.06201147938426541,
ciaodvd,lightccn_multi,,3,test-frame,100,stateful_ef__softmax__global__L3__ho_user__uiedge,0.030612101679279954,0.025236187218685473,,0.04520447448060798,0.031047928228266054,,0.07323969143072875,0.04035160662088219,,0.11253637432090371,0.05081700397830778,,0.17997488532416914,0.06514815555616117,
ciaodvd,lightccn_multi,,3,test-frame,100,derived_e__softmax__global__L3__ho_user__uiedge,0.02900989563740764,0.02389742415607417,,0.0431625887720733,0.02942795008431502,,0.07002501292167723,0.03822866835546534,,0.10561287980838939,0.04756957581724116,,0.17385392945922012,0.062131379436357353,
ciaodvd,lightccn_multi,,3,test-frame,100,stateful_e__softmax__global__L3__ho_user__uiedge,0.030547888598227182,0.02495803243134178,,0.046265557224187334,0.03122087146639523,,0.07220176884493276,0.039885802083598244,,0.11111294459513539,0.050188288392384824,,0.1794804914647522,0.06474845924079159,
ciaodvd,lightccn_multi,,3,test-frame,100,stateful_ef__softmax__global__L3__none__uiedge,0.0280633612154637,0.023257246677506498,,0.04249845127414578,0.028934865126867396,,0.07000737725315485,0.03807901618516764,,0.10532342179068722,0.047422053596364734,,0.17511614441223863,0.06228068720873258,
ciaodvd,lightccn_multi,,3,test-frame,100,derived_ef__softmax__global__L3__none__uiedge,0.02913897161943232,0.02359987467575431,,0.043444833066298726,0.02914990872158923,,0.0701337058829522,0.03797984431902894,,0.10557406415801887,0.04735338320381885,,0.17399088852903127,0.06198566852828938,
ciaodvd,lightccn_multi,,3,test-frame,100,derived_e__softmax__global__L3__none__uiedge,0.027206921570751986,0.02250267726664167,,0.03905270289601828,0.027067021617371973,,0.06313234139406036,0.035212369718118634,,0.10023838796517313,0.04497279427086458,,0.16934974098586822,0.05964852883859577,
ciaodvd,lightccn_multi,,3,test-frame,85,stateful_e__softplus__global__L3__none__uiedge,0.03252971251122056,0.027111101708259682,,0.04539186205747149,0.032209446817851886,,0.07112172387498207,0.040717361734789105,,0.1063040470380528,0.050117911083422034,,0.16735227544220616,0.06321549577598685,
ciaodvd,lightccn_multi,,3,val-best-recall@20,80,derived_e__softmax__global__L3__ho_user,0.02344835537483437,0.019450157589037117,0.015271623649353574,0.03661629394263839,0.024942125858788133,0.018259238445616208,0.06332349073875528,0.03381666058014798,0.021867446747767947,0.0957538719820058,0.04244077272901981,0.02409755630042615,0.1627082318609948,0.05664838278716153,0.026178703074498353
ciaodvd,lightccn_multi,,3,val-best-recall@20,80,derived_e__softmax__global__L3__none,0.02262240401744927,0.018457091412290738,0.014429068455489167,0.03507112073413639,0.023536041803116737,0.01720049421145049,0.061065989165333304,0.03225707922071899,0.020703297869917987,0.09442684558024426,0.04114025450353292,0.022981418470941952,0.15959620287977389,0.05495391919627035,0.024992784782143566
ciaodvd,lightccn_multi,,3,val-best-recall@20,210,derived_ef__softmax__global__L3__ho_user,0.0234433512834154,0.020274976250182573,0.01599725228510115,0.03773175553932531,0.02610071111365866,0.019239526663226418,0.06379283682110161,0.034645828819182496,0.022633122813242573,0.09765281839333377,0.04385028281497432,0.024951266319329587,0.15719314536638077,0.05662454890358347,0.026819871886213875
ciaodvd,lightccn_multi,,3,val-best-recall@20,60,derived_ef__softplus__global__L3__none,0.025087208968485014,0.021623461944385136,0.016813464423769738,0.037539228306633955,0.026519483973470502,0.019618570307141796,0.06525291175595548,0.03558796108875985,0.02326694395061709,0.10406091111123252,0.04578402337765078,0.02586715315090025,0.1672920727139922,0.05921098633116389,0.027807001439061937
ciaodvd,lightccn_multi,,3,val-best-recall@20,80,stateful_ef__softmax__global__L3__none,0.02294539877735041,0.018550744895563496,0.0145132103287512,0.035817139209689014,0.02386012971008767,0.017392057977525643,0.061734070769642865,0.032578223947243516,0.020890724027492456,0.09556090837864901,0.04154883700595283,0.023190402212805994,0.1605522646553316,0.05531093298904761,0.025189466972639102
ciaodvd,lightccn_multi,,3,val-best-recall@20,80,stateful_e__softmax__global__L3__ho_user,0.022808761790871726,0.019354186295300713,0.01526737872765049,0.03745663236287041,0.02537662870984403,0.01857473155497667,0.06351613023487736,0.03403917739765344,0.022073537707106877,0.09667329802723469,0.04283968266276851,0.02434185808905904,0.16300603168318983,0.05689758783276134,0.0263899578415732
ciaodvd,lightccn_multi,,3,val-best-recall@20,120,stateful_e__softmax__global__L3__none,0.02543562739599907,0.020878375407729136,0.01638005527599233,0.038135811220213894,0.025915212470256452,0.019237488358463017,0.0633874828955549,0.034320965195584974,0.022586574644754193,0.09609292132679247,0.04302789323724494,0.024808911824903176,0.16067741398016636,0.05678226908526621,0.02679436066716055
ciaodvd,lightccn_multi,,3,val-best-recall@20,60,derived_ef__softplus__global__L3__ho_user,0.02543988743061621,0.02240638285192004,0.0177339684329968,0.03928602569826003,0.027881555496892568,0.020801796384979535,0.06601605223125909,0.03670864569229265,0.02433025703143878,0.1031694049482702,0.046629813431339526,0.026905676990616093,0.16646603826226086,0.060027194747062244,0.02882531256811964
ciaodvd,lightccn_multi,,3,val-best-recall@20,130,derived_ef__softmax__global__L3__none,0.02605632602664795,0.021497177397716664,0.017036871000339307,0.03829393115445324,0.026320376543840677,0.019783316857394904,0.06353973988860794,0.03477718394720148,0.023130837182366887,0.09640218183411571,0.04354646194158922,0.025361573617108835,0.16195675205828414,0.057492047683345024,0.027378362214669383
ciaodvd,lightccn_multi,,3,val-best-recall@20,90,stateful_ef__softmax__global__L3__ho_user,0.024965584481389573,0.02059285880005758,0.015979520197696603,0.03862032853132221,0.026012722452188657,0.019023824983188192,0.06478933520376799,0.03474058742338557,0.022538285267142032,0.10129070069581898,0.04434371230970639,0.024974303199893383,0.16454635785105876,0.05779053505013031,0.026925731412079632
ciaodvd,lightccn_multi,,4,val-best-recall@20,80,derived_ef__softplus__global__L4__none,0.028890692020515227,0.0243429617489353,0.018819567926318937,0.04225725834896554,0.029627405669223873,0.02181177223113354,0.06832149148525248,0.038112386858089556,0.025243522184390292,0.10434088755048691,0.04776081956092896,0.027724270278640675,0.17184424570078452,0.062135836614268684,0.029813892714078766
ciaodvd,lightccn_multi,,4,val-best-recall@20,130,derived_e__softmax__global__L4__none,0.025394585970968497,0.020992345188735745,0.0163847864989182,0.03632461268450395,0.025358782234326718,0.018850212834077326,0.06384190827790372,0.034532957954239905,0.02253653126879069,0.09882729526478835,0.0437942314417925,0.02489782521938404,0.16368262204494077,0.05753069938985698,0.026900234968833505
ciaodvd,lightccn_multi,,4,val-best-recall@20,90,stateful_e__softmax__global__L4__ho_user,0.025188567903722595,0.02076472926729789,0.01612188530074266,0.0369725154484595,0.025365756638064105,0.01872003273648442,0.0654176651966389,0.034821644470835335,0.022514695826490617,0.09846694630613398,0.04353604057408282,0.024723351480121156,0.16440275496488763,0.05755842520790816,0.02676996774948659
ciaodvd,lightccn_multi,,4,val-best-recall@20,90,derived_ef__softmax__global__L4__ho_user,0.02632058741938663,0.021366924935372393,0.016458603332506375,0.03807644548484518,0.025943205732969675,0.01905263783158087,0.06575178553753502,0.03511834729741704,0.02274661927021213,0.09960872648203016,0.04406899267260733,0.02502050100337056,0.1665936378919116,0.05829049344352419,0.027093867974200766
ciaodvd,lightccn_multi,,4,val-best-recall@20,140,derived_ef__softmax__global__L4__none,0.026695799958749652,0.02224992845158499,0.017696667500582283,0.03855247678482395,0.026893555270504098,0.020334176221754142,0.06481062134567965,0.03572491924263379,0.023821461496237765,0.1003420417558982,0.045185775381147354,0.026216864501482497,0.1670176074471242,0.05920163887213228,0.02823601888956807
ciaodvd,lightccn_multi,,4,val-best-recall@20,80,stateful_ef__softmax__global__L4__ho_user,0.024227153021565074,0.019753269588628688,0.015378732810063165,0.03627213943896731,0.02466591480522097,0.018100576496886997,0.06381074723060742,0.03385667296277752,0.021808335177948248,0.09549885212793092,0.042272698136086306,0.023978106915198062,0.16541031912754947,0.0570666107497425,0.0261519059117285
ciaodvd,lightccn_multi,,4,val-best-recall@20,140,stateful_e__softmax__global__L4__none,0.026626701009053688,0.022193759089867173,0.017591989672737573,0.03822689403047593,0.026734055739495395,0.02020350800156897,0.06507658452050277,0.03573175715085114,0.023764575955673786,0.10071204695799295,0.04522599258199119,0.026166419331800198,0.16611527264491083,0.059023056887312166,0.0281633813292581
ciaodvd,lightccn_multi,,4,val-best-recall@20,90,derived_e__softmax__global__L4__ho_user,0.024726336448727685,0.020123100584399797,0.015533132880239896,0.0362650139208606,0.024685144455462153,0.018105304969948846,0.06352144741063248,0.033799345096856226,0.02178648569144909,0.096954424178248,0.04265108495197163,0.024049442365101432,0.16485949471705894,0.05705804400093853,0.026161005128787437
ciaodvd,lightccn_multi,,4,val-best-recall@20,70,derived_ef__softplus__global__L4__ho_user,0.027722736143512245,0.024263590972234232,0.01899444694908442,0.040846243171125306,0.029533093092526837,0.021966920490753192,0.06837824329390872,0.038456658407393526,0.0255897505729091,0.10173414439818157,0.04737395914741673,0.02789012274387503,0.16834644669309398,0.06153436526974418,0.029966080312309372
ciaodvd,lightccn_multi,,4,val-best-recall@20,90,stateful_ef__softmax__global__L4__none,0.023894212143061998,0.019371079795514855,0.014954164718729901,0.03493679835700505,0.023696906940415468,0.017445107753894552,0.061386973164560224,0.032587425699553335,0.021023874314024586,0.09561820557886438,0.041691156660057384,0.02336128796112279,0.15965809515467627,0.055299091025614894,0.02536129742073649
ciaodvd,lightgcn_cc,,3,test-frame,520,ciaodvd__lightgcn_cc__L3,0.03297833584816673,0.02747259304368119,0.021682928248170957,0.04694916455931762,0.033044701666294925,0.024817618414490296,0.0734513495560782,0.041845303786895154,0.028337642470570013,0.11209357130787993,0.052094206552925224,0.03096078319988175,0.18180183268947017,0.06697237056223157,0.03313547774078445
ciaodvd,lightgcn_cc,,4,test-frame,510,ciaodvd__lightgcn_cc__L4,0.03223492465869582,0.026812848703225867,0.02070323788800798,0.04623737181613429,0.03235083662351091,0.02388418301007931,0.0742242719475038,0.041458473287046264,0.027567293269040154,0.11085762449117645,0.0511791101671691,0.030027144751319318,0.1879733168627137,0.06758573677505288,0.03245621982608487
ciaodvd,mf,,3,val-best-recall@20,230,base__ciaodvd__mf__L3__val,0.012569467023134513,0.010969632788005154,0.008251054816467502,0.017568176894539735,0.012708452766385128,0.009359226010971737,0.032153266726170304,0.0175539027420265,0.011219157171499043,0.05128685743300991,0.022698376798968436,0.0125262589268187,0.08894836775018636,0.03082870708164187,0.013672901331372049
ciaodvd,mf,,3,test-frame,220,base__ciaodvd__mf__L3__tst,0.01711691776257053,0.01434384981818937,0.01103885958960542,0.02243363899968978,0.016284509793840038,0.012256985484348233,0.03666260265070857,0.021026271629035732,0.014123120746521643,0.057055115623899505,0.026502253781135438,0.01550526281237679,0.09957423602586793,0.035672096016838795,0.01684603486437834
ciaodvd,ngcf,,,val-best-recall@20,40,bt__ciaodvd__ngcf__lr5e-4_reg1e-5__val,0.016204077170071222,0.01314700317337565,0.009880713048820277,0.02225842190318122,0.01543746708346675,0.01124320707710467,0.036724764753336754,0.0202001268626533,0.013160989785906994,0.06244377453862119,0.027058252037454163,0.014919392471855487,0.1126021454800573,0.03760122903679699,0.016442827453579542
ciaodvd,ngcf,,,val-best-recall@20,10,bt__ciaodvd__ngcf__lr1e-3_reg1e-4__val,0.01556673990076015,0.013623627664722119,0.010200349893182144,0.023341896683182106,0.01648041678077306,0.011982836717963252,0.038372406599945355,0.021309535168399146,0.013917684249930947,0.06427951772921348,0.028124117419453455,0.015667361429655118,0.11311345070855869,0.038358146609828225,0.01714117287995814
ciaodvd,ngcf,,,val-best-recall@20,40,bt__ciaodvd__ngcf__lr5e-4_reg1e-4__val,0.01607057897891611,0.012763931766836205,0.00956503364185872,0.02206613592392102,0.01511158845806562,0.01090922193433213,0.03797592075347512,0.02033758632924951,0.012981455863970969,0.06248787100658638,0.026834581240755065,0.014625302414679768,0.11392967855031856,0.03760300708227251,0.016181732513029595
ciaodvd,ngcf,,,val-best-recall@20,60,bt__ciaodvd__ngcf__lr1e-3_reg1e-5__val,0.01638424252559459,0.013339842513087277,0.010278228583759751,0.023593191010851527,0.01629216257065447,0.01189552453716885,0.04114089007568574,0.022089878199932706,0.014218685786996907,0.06505138297900054,0.02852252623451106,0.015847721862138828,0.1120287856633656,0.03855987882973749,0.017312690703876032
ciaodvd,ngcf,,,val-best-recall@20,10,bt__ciaodvd__ngcf__lr1e-4_reg1e-4__val,0.019319625203385732,0.015461317728826095,0.011857213649994962,0.02775353840290938,0.018649609201204845,0.013745848979314574,0.0506846348183941,0.02612374029054456,0.016689782028416807,0.08151480929126172,0.03423570542079156,0.01880564705877553,0.13561273549870087,0.04556466104905943,0.02052060135128146
ciaodvd,ngcf,,,val-best-recall@20,10,bt__ciaodvd__ngcf__lr1e-4_reg1e-5__val,0.019319625203385732,0.015441578583104484,0.011832086759196432,0.02775353840290938,0.01862731414699001,0.013716953054896262,0.0508353961631853,0.02614230910823907,0.016673090593814926,0.081507630179605,0.034209058485395454,0.01877657181652818,0.13561273549870087,0.04554272838233956,0.020491886925320075
ciaodvd,ngcf,,,val-best-recall@20,270,bt2__ciaodvd__ngcf__lr5e-4_reg1e-4__val,0.0204829185983661,0.018149735928477646,0.013931267095269961,0.030560616072432573,0.0219475538741412,0.016177985234180067,0.05162766911823369,0.028763247221353018,0.018955334405668652,0.08231923707637184,0.03699306885421127,0.021018041568491262,0.13982529842255026,0.04926626668839344,0.02280774464618243
ciaodvd,ngcf,,,val-best-recall@20,130,bt2__ciaodvd__ngcf__lr1e-3_reg1e-5__val,0.02052909052628195,0.01774598107153827,0.013473579237278354,0.031226338129493394,0.02192662765753431,0.015888181318766445,0.0518809366657259,0.028699917074070602,0.018628793471794178,0.08102350293762953,0.036515443693674876,0.020602156437376402,0.13671860822687526,0.048403369169819736,0.022332778946505316
ciaodvd,ngcf,,,val-best-recall@20,600,bt2__ciaodvd__ngcf__lr1e-4_reg1e-5__val,0.020569408609408868,0.01754686270992518,0.013330236399135482,0.029676449170268394,0.021029337569363902,0.01534876783901375,0.04860083604828241,0.027333756893695403,0.017891809736306368,0.07791711608531779,0.03513064262661515,0.01986973195195935,0.13847259862305072,0.047985065319559886,0.021744111596620624
ciaodvd,ngcf,,,val-best-recall@20,600,bt2__ciaodvd__ngcf__lr1e-4_reg1e-4__val,0.020720169954200066,0.01762224338232078,0.013380490180732547,0.02975182984266399,0.02107778991777733,0.015377484285640642,0.04845007470349121,0.027306435521699174,0.017893378884997053,0.0777663547405266,0.03510175978921869,0.019870203575327396,0.13847740862786076,0.04799140254040793,0.021750461333734504
ciaodvd,ngcf,,,val-best-recall@20,120,bt2__ciaodvd__ngcf__lr1e-3_reg1e-4__val,0.02093788272018166,0.018060944837299635,0.013929186655211579,0.03127367573202234,0.02222622553050461,0.016307433966287883,0.05153571739478639,0.028836407237778104,0.01893600482909893,0.08078122511517105,0.03664066491941063,0.020914650328600622,0.13712179163333835,0.04866194456005756,0.022638363768132344
ciaodvd,ngcf,,,val-best-recall@20,270,bt2__ciaodvd__ngcf__lr5e-4_reg1e-5__val,0.020389015817896157,0.018140103850125638,0.013930836348570556,0.030434981618439907,0.021921071873398954,0.01617464694725969,0.05179817302008088,0.028830621784564,0.01899838875378499,0.0820574699468885,0.0369395144688749,0.02102920544218329,0.13992203695212463,0.04929464644196184,0.02283467374928185
ciaodvd,ngcf,,3,test-frame,170,base__ciaodvd__ngcf__L3__tst,0.017902406961773247,0.014644846437256845,0.011787484921835678,0.025781533679624234,0.017953122978537024,0.013539536925744236,0.04187410817701947,0.023251525282554582,0.01563485622022882,0.06278913629654123,0.02893077715114832,0.017048672808497867,0.11058037713255917,0.039292458042326575,0.01853449868908914
ciaodvd,ngcf,,3,val-best-recall@20,100,base__ciaodvd__ngcf__L3__val,0.016680376496564963,0.01398441887296667,0.011126960271869539,0.025890368434151663,0.017778580087514494,0.01320438422679977,0.042229727985741775,0.023280022710693758,0.015380226260388239,0.06870475074383463,0.030318626644778454,0.017188447084729466,0.11531440059535307,0.040263033099994634,0.018598562255741937
ciaodvd,simgcl,,,val-best-recall@20,30,bt2__ciaodvd__simgcl__lam01__val,0.030504310983845734,0.02587335484860929,0.020600317503740563,0.040594564596832035,0.029668286301966655,0.022890020437808262,0.06623717151302878,0.03816902123111512,0.02630282830272897,0.1023479300652034,0.04782667451785002,0.02875259968201305,0.1573861409574901,0.05964585321202199,0.03047769358902952
ciaodvd,simgcl,,,val-best-recall@20,200,bt2__ciaodvd__simgcl__lam2__val,0.01392060207076037,0.01143663642268568,0.00906983586012683,0.018969781746805716,0.01341481406144143,0.010208219772142582,0.03137328147698824,0.017549482988099663,0.011861268078752037,0.051049892005979564,0.02267460746517647,0.013192259364646679,0.0835015190407519,0.029463230581972547,0.014160490833311815
ciaodvd,simgcl,,,val-best-recall@20,80,bt2__ciaodvd__simgcl__lam05__val,0.02341320197427362,0.01967091871302085,0.015836055711766286,0.03194975441800018,0.02316840023026695,0.01783803834228374,0.04799099462302619,0.0282626612476866,0.01987172892155247,0.07233482186539576,0.034742696159523814,0.02150609284075675,0.11359386164586441,0.043623067088595924,0.02281133032309688
ciaodvd,simgcl,,,val-best-recall@20,50,bt2__ciaodvd__simgcl__lam02__val,0.028836339093581048,0.024436174421345658,0.019640854276205686,0.03902847626616235,0.028327490662135385,0.021951732693225603,0.060231540104965564,0.03524133495923033,0.024620062109065245,0.08865000721596457,0.04300275631668622,0.026542020927098016,0.13860811908075807,0.05370082025817863,0.028117396440166535
ciaodvd,simgcl,,,val-best-recall@20,120,bt2__ciaodvd__simgcl__lam1__val,0.01819924704299621,0.015008643973386613,0.012065783556591547,0.02579747175123112,0.018149853796607242,0.013812419132968481,0.04000940907720701,0.022766245988711808,0.015648230840701577,0.0621043571905104,0.028548191745133986,0.017128025074233003,0.09868862476012275,0.03624066504706985,0.01825940407086824
ciaodvd,simgcl,,3,val-best-recall@20,80,base__ciaodvd__simgcl__L3__val,0.023983941350983147,0.019837888569662433,0.015782810633645585,0.03191206408180238,0.02298240828123988,0.017613744946348552,0.048128929566584176,0.02815817623268433,0.01967789471300839,0.0718790852958733,0.03450390215010914,0.02127670723624828,0.11250120112997122,0.043245616451988246,0.02257074582585236
ciaodvd,simgcl,,3,test-frame,120,base__ciaodvd__simgcl__L3__tst,0.02928288309553773,0.024259698982275438,0.01960531843766628,0.04024836749432355,0.02855819648754388,0.022092464524577575,0.0583177044588624,0.03452390499983985,0.024436437063877492,0.08481974175475492,0.04164742662209554,0.02628281749460172,0.1277663116178554,0.05094496221756604,0.027662860737670717
ciaodvd__val,lightgcn_cc,,3,val-best-recall@20,120,ciaodvd__lightgcn_cc__L3,0.023571863908535898,0.019902316372426107,0.015228730948661064,0.03501652753121398,0.02426771659679621,0.017783841294763174,0.05786722431011127,0.031730775759067326,0.020779547781915916,0.0888860926158916,0.040027951412181115,0.022931124911817296,0.15494290989781928,0.054022390348963084,0.024977203500461027
ciaodvd__val,lightgcn_cc,,4,val-best-recall@20,290,ciaodvd__lightgcn_cc__L4,0.02480720032293058,0.021201377901484547,0.01635027361502745,0.037115842298110414,0.026091294656173734,0.01917266768523428,0.061913097849916186,0.03423324297276268,0.022464449198233396,0.09658029036888217,0.04344749276795673,0.02483389512126546,0.1635884620306902,0.05766865740323672,0.02690627915191847
epinions,LightCCN-full,3,1,val-best-recall@20,40,dro__epinions__t3__sef.sm.B__L1__val,0.013693699359780221,0.016848498864876108,0.008904289252939929,0.01987065193134889,0.01858530958047052,0.010302467497527043,0.03216743101138795,0.02240213924471947,0.01191433014992154,0.0513823273208044,0.028038094622262474,0.013205535825655914,0.0869850811914166,0.03707017076855756,0.01433260688019649
epinions,LightCCN-full,3,2,val-best-recall@20,60,dro__epinions__t3__sef.sm.B__L2__val,0.01564876621760737,0.01932992885930733,0.010427611662806271,0.02238655069968099,0.021248144763756208,0.011940945894862397,0.03622519655368468,0.025507279610065194,0.013751500246410493,0.05713713744693833,0.03164466957365168,0.015185855916743488,0.09558499092328386,0.041410272789364426,0.01640108495675034
epinions,LightCCN-full,3,3,val-best-recall@20,90,dro__epinions__t3__sef.sm.B__L3__val,0.0165589167051974,0.020446120340455745,0.01089392818381258,0.023601790389445303,0.022262274437062888,0.012476689458478461,0.03768948812326801,0.02659327856734415,0.014340315922127036,0.05791044558737786,0.03257507261620466,0.015734902223466574,0.09640240321508158,0.042346104607093836,0.016955101488546478
epinions,LightCCN-full,3,4,val-best-recall@20,100,dro__epinions__t3__sef.sm.B__L4__val,0.017494665631804986,0.02143622572529343,0.011567095050776155,0.02507488392406538,0.023465559772817567,0.013277050656575941,0.03952475878486089,0.027860029840183837,0.015175368310961805,0.06135982351971248,0.034300494245928244,0.01665995415910411,0.10062102672304311,0.04427648207732568,0.01789240150504834
epinions,LightCCN-full,3,5,val-best-recall@20,130,dro__epinions__t3__sef.sm.B__L5__val,0.017942962020893283,0.02216405616648416,0.011755468137228458,0.02574259525750764,0.02406906542394337,0.013507415914492579,0.03954636083259225,0.028172862625322755,0.015322251791994378,0.060885135920501356,0.03443510594285562,0.016795325903428325,0.10005175384485135,0.04440213880981915,0.01800236216744476
epinions,LightCCN-full,3,6,val-best-recall@20,140,dro__epinions__t3__sef.sm.B__L6__val,0.018201012374892835,0.022332460432873864,0.011968209341805184,0.025913041477939124,0.024340221492166365,0.013731416408440346,0.03996399571049328,0.028553099782018306,0.015586583854629438,0.06118961076151826,0.03479480472330176,0.01703993685939408,0.10063287243644871,0.044853828418742005,0.018283556887031874
epinions,LightCCN-prop,3,3,val-best-recall@20,180,dro__epinions__t3__sef.sm__L3__val,0.014852046172915053,0.018459570633788246,0.009893774433509145,0.02227969724686672,0.02062400445304731,0.0115697829546267,0.03683736894290902,0.025119400543874477,0.013487300771970374,0.05651724615945319,0.031029056781155747,0.014848204985635468,0.09523128624360877,0.04077134342857261,0.01605871309440443
epinions,LightGCN,,1,val-best-recall@20,80,lightgcn__L1,0.01129775260596371,0.014003241244851933,0.007384595137801549,0.017207195981392143,0.015789586545486695,0.008720166506758656,0.02875468924728095,0.019467132221989536,0.010218823361445034,0.045873021809908474,0.02456944491301621,0.01138073488598403,0.07894118008505932,0.03295414648710149,0.01241506376263401
epinions,LightGCN,,1,val-best-recall@20,80,dro__epinions__lightgcn__L1__val,0.01129775260596371,0.014003241244851933,0.007384595137801549,0.017207195981392143,0.015789586545486695,0.008720166506758656,0.02875468924728095,0.019467132221989536,0.010218823361445034,0.045873021809908474,0.02456944491301621,0.01138073488598403,0.07894118008505932,0.03295414648710149,0.01241506376263401
epinions,LightGCN,,2,val-best-recall@20,120,lightgcn__L2,0.013727255305626093,0.016842745839527915,0.00899056423310596,0.02096002627778777,0.01903512214122027,0.010622101520278631,0.03488562575229735,0.02347750573580345,0.012460819518389581,0.053810526493889094,0.02908371655285845,0.013751091218684933,0.09086280423241966,0.03847797373135636,0.014907238953786194
epinions,LightGCN,,2,val-best-recall@20,120,dro__epinions__lightgcn__L2__val,0.013727255305626093,0.016842745839527915,0.00899056423310596,0.02096002627778777,0.01903512214122027,0.010622101520278631,0.03488562575229735,0.02347750573580345,0.012460819518389581,0.053810526493889094,0.02908371655285845,0.013751091218684933,0.09086280423241966,0.03847797373135636,0.014907238953786194
epinions,LightGCN,,3,val-best-recall@20,150,lightgcn__L3,0.014507120478824784,0.018173734478248302,0.009709842104853227,0.021746614411975597,0.020219459911733316,0.011359269962734224,0.03622024921287435,0.02482303792545369,0.013253056357446533,0.05607795615303611,0.03067797204516101,0.01461562334756069,0.09637302847215991,0.04080694962106036,0.01588608714318192
epinions,LightGCN,,3,val-best-recall@20,150,dro__epinions__lightgcn__L3__val,0.014507120478824784,0.018173734478248302,0.009709842104853227,0.021746614411975597,0.020219459911733316,0.011359269962734224,0.03622024921287435,0.02482303792545369,0.013253056357446533,0.05607795615303611,0.03067797204516101,0.01461562334756069,0.09637302847215991,0.04080694962106036,0.01588608714318192
epinions,LightGCN,,4,val-best-recall@20,180,lightgcn__L4,0.015529186815997973,0.019467639110515304,0.010500922566159164,0.0232432980847664,0.021605450013108426,0.01224406294262155,0.038421200480439836,0.02642935639491367,0.014240484726067591,0.06003556969931253,0.03273413138510335,0.0157229352662782,0.10055914699118261,0.04296367672524237,0.016992945296412414
epinions,LightGCN,,4,val-best-recall@20,180,dro__epinions__lightgcn__L4__val,0.015529186815997973,0.019467639110515304,0.010500922566159164,0.0232432980847664,0.021605450013108426,0.01224406294262155,0.038421200480439836,0.02642935639491367,0.014240484726067591,0.06003556969931253,0.03273413138510335,0.0157229352662782,0.10055914699118261,0.04296367672524237,0.016992945296412414
epinions,LightGCN,,5,val-best-recall@20,230,dro__epinions__lightgcn__L5__val,0.016422415949437334,0.020161389462853993,0.010867875480380587,0.023456519422232217,0.022014286875275676,0.012450464344086353,0.03842836044267431,0.026630968566095745,0.01438738673774258,0.06082192825586327,0.033223663931848925,0.015921319101275273,0.10190717147069715,0.04356453010118472,0.017197093897632854
epinions,LightGCN,,6,val-best-recall@20,420,dro__epinions__lightgcn__L6__val,0.01709332015157682,0.021315547269313197,0.011507452245764853,0.025017688009523604,0.023478652759907178,0.013306503756376308,0.04088370517108634,0.02836234580989661,0.015368368110160352,0.06250531382207414,0.03470218515360384,0.016840157456210997,0.10357208458254201,0.04513013122431947,0.018134820412429482
epinions,arb,,,test-frame,141,arb__epinions__sslrec_k5,,,,0.018,0.0167,,0.0286,0.02,,0.0457,0.0251,,,,
epinions,hccf,,,val-best-recall@20,70,hf__epinions__hccf__Axav__val,0.007461934295905784,0.010362988743957453,0.005119639028720542,0.012365286095725417,0.011832892830822046,0.006239918023851317,0.020480519067098996,0.014482815121963317,0.007295689336676166,0.03385709865503298,0.018465993610779503,0.008195661814727367,0.05877875699429666,0.02483750174059283,0.008968191180640617
epinions,hccf,,,val-best-recall@20,110,hf__epinions__hccf__Bxav__val,0.012718932797269482,0.016227827938135386,0.008502456337231647,0.019228824179087146,0.01804376397363789,0.009965521117513846,0.031171572615773774,0.021733658643210953,0.011516527523008668,0.049767772095419195,0.027124335826721163,0.012778999115897641,0.08348667817605143,0.035703001317364265,0.013833546986003675
epinions,hccf,,,val-best-recall@20,70,hf__epinions__hccf__Axav_kr0.75__val,0.005929973568174942,0.008379749394119507,0.0038620954333863453,0.009122329710890277,0.009255808161023992,0.0045838197132498735,0.015516288599907413,0.011235327875502037,0.005421212908615291,0.026836786729674645,0.014669939376759238,0.0061880898049595755,0.04839448713941307,0.020332811823038942,0.006862836601310279
epinions,hccf,,,test-frame,310,hf__epinions__hccf__A__tst,0.00810375102143978,0.010171398626526025,0.00529938134612958,0.012083111135841621,0.011270906138719072,0.006195199125366387,0.0201662563199543,0.013796050163296629,0.007230485022989449,0.032124387676232644,0.017417310321016094,0.008037620228422965,0.05647707424858981,0.023638408367302844,0.008780499471081088
epinions,hccf,,,val-best-recall@20,460,hf__epinions__hccf__A_hyp250__val,0.00750812392873505,0.00979566584972754,0.004695033991763761,0.012075881880910064,0.01116343335131189,0.0057178342135782035,0.019647854571262377,0.013482722460628002,0.0066830876700773945,0.03186107325677269,0.017147044100554863,0.007502963137666703,0.05643372322499648,0.023511156286614366,0.008269811702934322
epinions,hccf,,,val-best-recall@20,360,hf__epinions__hccf__A_kr0.25__val,0.00939260123230785,0.012173900570198671,0.006198151467999538,0.014080684650969878,0.013482631703369725,0.007254653933294646,0.02345435552322799,0.016446047505402347,0.008485191927794818,0.040040741591453224,0.02140799286245288,0.009614954298223191,0.0700214462334616,0.02896829128285916,0.010556926426879328
epinions,hccf,,,val-best-recall@20,70,hf__epinions__hccf__B__val,8.580014025918045e-05,0.0001431085201893497,6.595756067668405e-05,0.00012024960887097001,0.00014229433509982528,7.367259137177944e-05,0.0002428408839310549,0.000179077400644207,8.918437725619718e-05,0.0005754177352295079,0.00026654432499685865,0.00011136605932333766,0.001245570792320563,0.00043029952122312405,0.000130062852456766
epinions,hccf,,,test-frame,120,hf__epinions__hccf__B__tst,4.242943547365359e-05,5.928054363211648e-05,1.7881652132665567e-05,0.000153882719327469,0.00010213127802154731,4.065662843090498e-05,0.00023561057186527595,0.00012676667627446183,5.1344116839695134e-05,0.00044033839408510745,0.0001851746107171589,6.498208404122227e-05,0.0011888392717684833,0.0003670030877953261,8.748315356127007e-05
epinions,hccf,,,val-best-recall@20,300,hf__epinions__hccf__A_hyp50__val,0.008876548290680042,0.011081860509777008,0.005687129371871525,0.013263572819373102,0.012453744231604356,0.006671182196298846,0.02271941643247511,0.015554067009391383,0.007915074455236756,0.03645592351527012,0.019660514410355545,0.008843554622325509,0.0642020178755818,0.026788639040232893,0.00970462978527397
epinions,hccf,,,val-best-recall@20,340,hf__epinions__hccf__A_clw1e-2__val,0.0074150678450235095,0.00991643030116174,0.005001419015984165,0.011271639066206492,0.01103253982069218,0.005871364826366061,0.01910725486182543,0.013502822618360652,0.0069061127375234605,0.031771358966548285,0.017284750026760345,0.00776505570290662,0.05618373042958468,0.023639279904060315,0.008520775318303695
epinions,hccf,,,val-best-recall@20,280,hf__epinions__hccf__A_clw1e-4__val,0.007407651179165979,0.00963608490987455,0.004867899714725551,0.01071508122007189,0.010547569902267722,0.005617077892774111,0.01775289253089278,0.012678288401493003,0.0065177995422980054,0.029344143548580687,0.016158003868697424,0.007307939227473171,0.05296093917324506,0.02219825816061287,0.008032719769623992
epinions,hccf,,,val-best-recall@20,170,hf__epinions__hccf__Axav_kr0.25__val,0.010410671030147053,0.012950441323862584,0.006579714000019742,0.015856994959785767,0.014619904385446837,0.007804822868506454,0.02626187994197198,0.01796457760932023,0.009160908770275023,0.042506310635425815,0.022795823407163247,0.010272026021708566,0.07418531226439529,0.030876528968286732,0.011255303738408053
epinions,hccf,,,val-best-recall@20,100,hf__epinions__hccf__Axav_clw1e-4__val,0.007893639534516578,0.010104720472197671,0.004938846338368616,0.012047191130678526,0.01135149829721403,0.005877982288494721,0.02020001708005599,0.013966546707945879,0.0069527746723701545,0.03241646428751596,0.017722342045261186,0.007782771209044718,0.058608649599193235,0.02442978410607166,0.008587488458913838
epinions,hccf,,,val-best-recall@20,170,hf__epinions__hccf__Axav_hyp250__val,0.007266747498009303,0.009815732206814337,0.00480063555639343,0.010833414754319152,0.010742689534137399,0.0056060829847949445,0.019082817018798312,0.013436230327178705,0.006677328598617626,0.03156603767182638,0.017271223821754066,0.007542233358958993,0.05665170850083538,0.02373579979300555,0.00833135593790545
epinions,hccf,,,val-best-recall@20,170,hf__epinions__hccf__Axav_hyp50__val,0.009862476948872009,0.012506199088696525,0.006341708867104356,0.014860307808357624,0.013973696218496211,0.007479396756416746,0.025908390913791938,0.017488247807460375,0.008934280396568944,0.04108473824499968,0.02208955093863374,0.009982464531065972,0.07197914596133716,0.03005394088694392,0.010944061509449802
epinions,hccf,,,val-best-recall@20,370,hf__epinions__hccf__A_L3__val,0.0041657212129397325,0.00533670911547261,0.002660188864943665,0.006590949262402625,0.006051134803002953,0.0032104077926882026,0.011390625569321328,0.007644023966615568,0.003839613364172003,0.01861662937254691,0.009859069935486546,0.004335696798186074,0.03335155897502115,0.013675154120756485,0.004795494355511274
epinions,hccf,,,val-best-recall@20,280,hf__epinions__hccf__A__val,0.006674186499438716,0.008767368306876603,0.004239436466568093,0.010089292107935875,0.00975266126610426,0.005011665738858294,0.01764830276131429,0.012175116803550112,0.005994902109759421,0.029807886083505947,0.01582746456765591,0.006825375658186516,0.05633507271989805,0.02253677026678771,0.0076551828599862575
epinions,hccf,,,val-best-recall@20,390,hf__epinions__hccf__A_kr0.75__val,0.006048187393344946,0.008291509755913123,0.0038929002447167346,0.00930859812891289,0.009136122278779857,0.0046390942107191685,0.016040407364878797,0.01119878977353902,0.005512580651622705,0.02685433836876887,0.014521044940631288,0.0062530749842659075,0.050026184353674334,0.020519571993723243,0.006971525370950765
epinions,hccf,,,val-best-recall@20,60,hf__epinions__hccf__Axav_clw1e-2__val,0.0068298705940279866,0.009524157233893922,0.004432832826452925,0.011018464517965135,0.01079160955585056,0.0053870950599712005,0.019007910254987652,0.013325804121962138,0.0064436109828622965,0.03138045493219796,0.017060641101871953,0.007284941919518034,0.05700333932554885,0.023709741658619953,0.008089985097532455
epinions,hccf,,3,test-frame,470,base__epinions__hccf__L3__tst,0.01597934004872059,0.019577060297367607,0.01055603325789919,0.023697158674558745,0.02161609981886284,0.012304063760790214,0.03764755533597879,0.025994945092067186,0.01413405068724938,0.05775879552055494,0.03201349578707577,0.015516804990296342,0.09767163578082287,0.04201288632727446,0.01677384801664515
epinions,hccf,,3,val-best-recall@20,310,base__epinions__hccf__L3__val,0.004748586124627374,0.005919406353858217,0.0029601102594355665,0.006893466978335289,0.006376248489777519,0.0034405879693219592,0.011904426229085668,0.008009880515552117,0.00410079220225069,0.01881801757850623,0.010068722701830247,0.004573273801527432,0.03260325126067742,0.01350031963482715,0.004997941202073322
epinions,lightccn_multi,,1,val-best-recall@20,60,stateful_ef__softmax__global__L1__ho_user,0.012318066711590258,0.015231784740636488,0.008030981176417137,0.017841781834769845,0.016735121933554115,0.009297402585799152,0.029714381327756844,0.020489063665515717,0.01084962587359394,0.045885201547275746,0.025319636118662916,0.011959547822936947,0.08047476625549141,0.03406173209288348,0.013039560217806013
epinions,lightccn_multi,,1,val-best-recall@20,80,stateful_e__softmax__global__L1__none,0.011293137072623013,0.013801909885241609,0.007187060231182009,0.01725508287526847,0.01564634378938134,0.008534426757480281,0.028543145795201917,0.019197405056264136,0.009990399704572354,0.045014943984653354,0.02413441675940135,0.01111258810238071,0.07745758881068815,0.032394228694493106,0.012134123942782902
epinions,lightccn_multi,,1,val-best-recall@20,80,stateful_ef__softmax__global__L1__none,0.011245630764565586,0.013742007628529508,0.0071648653267927034,0.01708775310517115,0.015551697915645337,0.008485108977163794,0.028458467753093075,0.019141793423404066,0.009956758540354943,0.04514540172958895,0.02413279604342372,0.011093489028708908,0.07743435607707051,0.032363543152035115,0.012110129755339684
epinions,lightccn_multi,,1,val-best-recall@20,80,derived_e__softmax__global__L1__none,0.011251591810490187,0.013731022884534762,0.0071776570002072765,0.01705590285952819,0.015536127188481432,0.008491367892886324,0.02865316428224657,0.01921936963698816,0.009984984608239914,0.045204427441453324,0.02415501909979128,0.011109780573974973,0.07747995298605391,0.032368812095334404,0.012124644085915284
epinions,lightccn_multi,,1,val-best-recall@20,80,derived_ef__softmax__global__L1__none,0.011313515455434561,0.01379099977808164,0.0071897273405888374,0.01724365444753722,0.015640771171526752,0.008530681534779068,0.028576465612005792,0.019207761973799444,0.009992404771473161,0.04498748979355801,0.024126135146554175,0.011109998039755811,0.07747092767760112,0.03239210240257045,0.012133264444430625
epinions,lightccn_multi,,1,val-best-recall@20,40,derived_e__softmax__global__L1__ho_user,0.012131884815493642,0.014790001909804042,0.007804401518903523,0.01824916418242247,0.016580280262261434,0.00919072905803722,0.029793852749060212,0.02026336846568741,0.010707575828357633,0.04663332273575547,0.025243216721350863,0.011845138834023626,0.08152946528326088,0.033984734046571353,0.012948588109594249
epinions,lightccn_multi,,1,val-best-recall@20,70,derived_ef__softmax__global__L1__ho_user,0.01273569362135086,0.0155032300707691,0.008186205826702002,0.01844633089138744,0.016976252710127326,0.009464590301588147,0.028583501897743065,0.020151875862399447,0.010803281412925383,0.045656413800006256,0.0252548052821715,0.011968632350050997,0.07851910716169543,0.03358193270412383,0.013000464969778167
epinions,lightccn_multi,,1,val-best-recall@20,40,stateful_e__softmax__global__L1__ho_user,0.0120661983352464,0.014736087743185473,0.007747751046538006,0.018121244030652274,0.016494893835239232,0.009117871522304434,0.02973991839385308,0.02018726717777203,0.010651528166181456,0.046698594746090824,0.025233501076526388,0.011800174850950996,0.08169685911290146,0.033990113706116216,0.012905355478246483
epinions,lightccn_multi,,1,val-best-recall@20,20,derived_ef__softplus__global__L1__none,0.010650695780308262,0.013417952885162489,0.006992219792441924,0.01640722301787698,0.015092409930969667,0.008291283905417031,0.027599655747265726,0.018702842242314666,0.009767304054774203,0.04412310236495846,0.023571665451635537,0.010895673694824963,0.07686070647079557,0.03173009186553053,0.01190914973268154
epinions,lightccn_multi,,1,val-best-recall@20,20,derived_ef__softplus__global__L1__ho_user,0.011303305877693693,0.014279078819842772,0.007506561533859306,0.017546994762665802,0.01621041463237135,0.008911558694083558,0.02865796178533311,0.019694133147624405,0.010377564054517993,0.045161453099104604,0.024527464437058645,0.011493599816450996,0.07760134517672289,0.032685098372260475,0.012512826834730172
epinions,lightccn_multi,,2,val-best-recall@20,100,derived_ef__softmax__global__L2__ho_user,0.014624932343638252,0.01802026400108626,0.009711721767712718,0.021740073192712702,0.020042651224045718,0.01133464333101146,0.034857590077500986,0.024194276813609025,0.013052254898309832,0.05353298554087952,0.02967187350702637,0.014322015938921568,0.08944088951758268,0.03876565549175018,0.015443616182488738
epinions,lightccn_multi,,2,val-best-recall@20,30,derived_ef__softplus__global__L2__none,0.013478880309225961,0.01671540054891827,0.008668891580971482,0.019720853133748755,0.01832506927824222,0.010052112946140739,0.03231360634332935,0.022324767455692344,0.011704171835748773,0.0512474575762774,0.027855401800554968,0.012991651007870553,0.08622918778970992,0.0367363772409956,0.014094937188571575
epinions,lightccn_multi,,2,val-best-recall@20,30,derived_ef__softplus__global__L2__ho_user,0.01370024615051047,0.01734832168174708,0.009106951500961137,0.020384733964734517,0.019133020787702897,0.010616461741297316,0.033065172643359696,0.02309059747004334,0.012271780583069063,0.05165273413930267,0.028547102157879225,0.013542344742010099,0.08561525919216288,0.03717794870949558,0.014612215184685935
epinions,lightccn_multi,,2,val-best-recall@20,110,stateful_ef__softmax__global__L2__none,0.013851084888761408,0.016797722123206387,0.008936012441060352,0.020620907024394203,0.018791720423940343,0.01045295600298701,0.034072445954291986,0.023064143166287958,0.012223219993999857,0.05360241182002838,0.02880968126554427,0.013553981046126077,0.08916069502355523,0.03788892866361228,0.01467479284161493
epinions,lightccn_multi,,2,val-best-recall@20,100,derived_ef__softmax__global__L2__none,0.013644153221938791,0.0167061986642503,0.008954981180214445,0.020544726522205504,0.0188398986405227,0.010524311159184452,0.03403091974124466,0.023150214330704515,0.012297419787200663,0.053601225537270265,0.02885042216297135,0.013615597988947008,0.08974839635507807,0.03806020387367245,0.014747158878708125
epinions,lightccn_multi,,2,val-best-recall@20,90,stateful_ef__softmax__global__L2__ho_user,0.015053322242017879,0.018229283057472356,0.00998908851690926,0.021957687087492708,0.020244233877332818,0.01155864663929304,0.03481787401595536,0.024305768672600838,0.013237380528247925,0.0538350780767409,0.029925243877547594,0.014532569790107372,0.0899854541128054,0.03906948844853035,0.015663506352817474
epinions,lightccn_multi,,2,val-best-recall@20,100,derived_e__softmax__global__L2__ho_user,0.014558553278181334,0.017777637057567068,0.009565615757893548,0.02139388452577013,0.01970464759555354,0.011114095163110762,0.03469076034573735,0.023966222022772956,0.012880874845010675,0.05382100538459863,0.02957552369754402,0.014183718128052872,0.08988383072943061,0.03871464481523595,0.015313573485836849
epinions,lightccn_multi,,2,val-best-recall@20,90,stateful_e__softmax__global__L2__ho_user,0.014800433705211918,0.017765825251037433,0.009623829664445251,0.02186171164687538,0.019890025762000153,0.01121768343329674,0.03451995009330711,0.023870303703299935,0.012845960143859919,0.054205427922736325,0.029635995441919985,0.014187853945021688,0.09060640457748108,0.03883199500084965,0.015321849093394334
epinions,lightccn_multi,,2,val-best-recall@20,100,derived_e__softmax__global__L2__none,0.01343475430889129,0.016560461170400644,0.0088503673262067,0.020402636802177913,0.01869611671407374,0.01043704551087421,0.03413651271403771,0.02313857636399852,0.01224515755822786,0.05332055984386058,0.02872734384876492,0.013537494403307176,0.08912947124374662,0.03787835125797804,0.014670653594900548
epinions,lightccn_multi,,2,val-best-recall@20,100,stateful_e__softmax__global__L2__none,0.013606714285140355,0.01663866340944692,0.00890975600711731,0.020571939047877845,0.018806734234646173,0.010490781037435438,0.03387384820964386,0.023059302437252693,0.012247717794985876,0.053542148693229076,0.02880873670491434,0.013578852990835914,0.08956278929009766,0.03799700745582965,0.014708329229889846
epinions,lightccn_multi,,3,test-frame,280,twr__epinions__ho_item__L3__tst,0.015778745237851874,0.01886647235674749,0.010474111192844242,0.02422971262087648,0.021555814924849852,0.01239159092820014,0.039538047734356395,0.026421991361491814,0.014383745101168601,0.061590906329521695,0.03289552764890883,0.01589303785248922,0.1012523954594072,0.042891971092361925,0.017138556546347623
epinions,lightccn_multi,,3,val-best-recall@20,180,twr__epinions__ho_both__L3__val,0.014982799863176624,0.01801726826107663,0.009837720036368302,0.021864370211835314,0.019920007150907956,0.011405784349825487,0.035278163494488285,0.024183761352009895,0.013132342458501332,0.054966094014026454,0.030049451130624447,0.014492933305607192,0.093776830620016,0.03987314509510106,0.015706775919872903
epinions,lightccn_multi,,3,test-frame,280,twr__epinions__ho_both__L3__tst,0.01622797191167874,0.01917709504066296,0.01059151710469207,0.024096297375607808,0.021563857483075655,0.012367310345001943,0.03952365735280863,0.026438650215766323,0.014366382873763137,0.06173677402861291,0.03294625016559412,0.01588812913002043,0.10155544077725152,0.042982086277402416,0.017143361746443625
epinions,lightccn_multi,,3,val-best-recall@20,180,twr__epinions__ho_item__L3__val,0.014998967109491142,0.01795644972454946,0.009864430022205642,0.02177011756282824,0.01987440648991066,0.01141264541729643,0.035465639689005526,0.024219865775944087,0.013183796916487606,0.05436870338495723,0.029858594906270346,0.01448701828537993,0.09267412800491218,0.0396148583959795,0.015688171560159687
epinions,lightccn_multi,,3,val-best-recall@20,120,stateful_e__softmax__global__L3__ho_user,0.01589462070508606,0.019165726240104288,0.01042645147905249,0.023098975527623192,0.02117442321785248,0.012058077888120373,0.036710748922456335,0.025396326519045324,0.01382905684339436,0.056903316757116434,0.03132253742072997,0.015200968813996957,0.09469695281086432,0.04094024029912698,0.016387783555897772
epinions,lightccn_multi,,3,val-best-recall@20,180,derived_ef__softmax__global__L3__none,0.015374702370564855,0.018564055533772893,0.009907899154599933,0.02221148628095997,0.02044613026851849,0.011470397905530613,0.03630129305169206,0.024840007663396477,0.01332089532429937,0.05662731762547407,0.030869026319132884,0.014715970203337975,0.09424583833959954,0.040400031181491165,0.015897384511983168
epinions,lightccn_multi,,3,val-best-recall@20,130,derived_e__softmax__global__L3__ho_user,0.015663955500594715,0.01897351765697393,0.010299099683328091,0.02298872765598439,0.02110367040161386,0.011955400289166382,0.036770557260884296,0.025368748831118074,0.01375095450373939,0.05713902265607986,0.03141103191053335,0.015147429210978385,0.0943787278701981,0.040840062672142644,0.016306405095700752
epinions,lightccn_multi,,3,val-best-recall@20,180,stateful_e__softmax__global__L3__none,0.015235261106542377,0.01851986451772519,0.009920952207985636,0.022455057162678486,0.020635555305612216,0.011562704343622943,0.036368598798565376,0.024907966974151707,0.013372500926496039,0.05654409522570964,0.030914166075157522,0.01476303873119274,0.0947027648595213,0.04055570615922797,0.015956293281162628
epinions,lightccn_multi,,3,val-best-recall@20,180,stateful_ef__softmax__global__L3__none,0.015073559930284964,0.018409206690232927,0.009921138309195115,0.02232659197748162,0.020583741322600685,0.011573881788529203,0.03627312107728439,0.02490971145398283,0.013401429854738463,0.056569548908666265,0.030951937368439694,0.01480227201822515,0.09498420293403806,0.040639931439219734,0.01599904670275193
epinions,lightccn_multi,,3,val-best-recall@20,30,derived_ef__softplus__global__L3__ho_user,0.014149103928567872,0.017680435418995815,0.009410179906367678,0.020786696453565852,0.019444463929642216,0.010917764249793982,0.03424523520135849,0.023676973595239088,0.012665147972274122,0.054279839167924414,0.029600655854277444,0.014034558874229618,0.08961032884240308,0.038540511679485856,0.01514357723559462
epinions,lightccn_multi,,3,val-best-recall@20,180,derived_e__softmax__global__L3__none,0.015354080053436574,0.018478335853102615,0.009932587333253905,0.022264337205154444,0.020490574099309492,0.011508593525784446,0.036182047111329226,0.02487035215401539,0.013332568580715503,0.05662886979560873,0.03093095016618875,0.014740396115174905,0.09495003989981744,0.04060395598728497,0.015936175575741743
epinions,lightccn_multi,,3,val-best-recall@20,130,derived_ef__softmax__global__L3__ho_user,0.015564639594889273,0.019031662075848867,0.010397448327400255,0.022698584256045564,0.02102892864155738,0.012027636694457604,0.036633221413108784,0.02540458449709618,0.013852338603022875,0.05586171403302751,0.03114950314736707,0.015178772559677171,0.09471076579707567,0.04095444475795877,0.01639958582724062
epinions,lightccn_multi,,3,val-best-recall@20,130,stateful_ef__softmax__global__L3__ho_user,0.016218805213434582,0.019309551593455977,0.010628854912303497,0.02284332683063929,0.021230921523614225,0.012134873003948582,0.03679805193517031,0.025561828389453315,0.013953451545519578,0.056367345673695925,0.031422764684468224,0.01530877621861203,0.09455645075588737,0.04106573103371559,0.016507443384065332
epinions,lightccn_multi,,3,val-best-recall@20,40,derived_ef__softplus__global__L3__none,0.013926785459944134,0.01745522672214625,0.009314414805555268,0.02044337083806699,0.019247185279509964,0.010799084893234574,0.03358327907095502,0.023309772579798424,0.012518726819004894,0.05291805078498662,0.028941198245631718,0.01384593081289366,0.08756492794617905,0.037755069750477,0.014929535405115595
epinions,lightccn_multi,,4,val-best-recall@20,30,derived_ef__softplus__global__L4__ho_user,0.015440121774818698,0.019251396076504994,0.010214673747649238,0.022637486869927174,0.02113974637140502,0.011846271739610524,0.03565694300262447,0.025079490184138093,0.013544511960633039,0.05604905258558499,0.031084841859429068,0.014921767023973444,0.09314872664290968,0.04050598925579633,0.016076613393156903
epinions,lightccn_multi,,4,val-best-recall@20,140,stateful_ef__softmax__global__L4__ho_user,0.017052358664325258,0.02057708316729632,0.011294702473892599,0.02403860498683194,0.022410729069892877,0.012889733800233632,0.038642029177223834,0.026939825848663314,0.014792096928682552,0.05927535751718145,0.03307201867140238,0.016212550865638258,0.09888646148972775,0.043060645543402616,0.017455113968804305
epinions,lightccn_multi,,4,val-best-recall@20,170,stateful_e__softmax__global__L4__none,0.01578041817781128,0.019410612594785565,0.01043195277760737,0.023379775070663366,0.021618501609951307,0.012140489603714364,0.03786942440497887,0.02609387859012744,0.014041904124548471,0.059604491779830515,0.03245052140230299,0.015520743002032317,0.098676172750081,0.04232231742696454,0.016740300087102217
epinions,lightccn_multi,,4,val-best-recall@20,40,derived_ef__softplus__global__L4__none,0.014808335043196185,0.018775641709567206,0.009923369298308364,0.02182167990317555,0.02064313068387158,0.011518178630607669,0.03507335256362682,0.024666669174815536,0.013249011970835868,0.05441444607350668,0.03030244107701942,0.014575923263691096,0.0906711258526242,0.03954245889197569,0.01571042581194098
epinions,lightccn_multi,,4,val-best-recall@20,240,derived_ef__softmax__global__L4__none,0.016153264593177938,0.019755606731952858,0.010708137015903813,0.02344826996067828,0.021814542099371004,0.01237058065131418,0.038112562285497566,0.026363733526952135,0.014292059033662966,0.05892872255415384,0.03253342469148476,0.015721083315594613,0.09890099019295699,0.04258354389847103,0.016966809016902566
epinions,lightccn_multi,,4,val-best-recall@20,130,derived_ef__softmax__global__L4__ho_user,0.016478345107144354,0.02004144368706933,0.011059035818253276,0.023453666347548925,0.021910409610628095,0.012660339782651908,0.038007846913219026,0.026532540537044333,0.014563865994212836,0.05944809168490344,0.03288269480526737,0.016043595629872908,0.09913015656713564,0.042873654005114316,0.0172821802580132
epinions,lightccn_multi,,4,val-best-recall@20,240,stateful_ef__softmax__global__L4__none,0.01645698340898166,0.020029712315727515,0.01090208061441842,0.023778508084940083,0.022049157689075144,0.012570230038696764,0.03888612331977926,0.026803954303731878,0.01453924332522735,0.05930913471376538,0.03282947701319454,0.01592995628067941,0.09909726751030637,0.04286786734457143,0.017173130718481474
epinions,lightccn_multi,,4,val-best-recall@20,260,derived_e__softmax__global__L4__none,0.01659876390063956,0.019928435197002103,0.010779713203777219,0.023921465180839246,0.021995614995799037,0.012430834895952012,0.03833890458708792,0.026519048210648346,0.014325722954752476,0.059265757322885006,0.03268876772694922,0.01576338132286019,0.09812262037884369,0.0425467924981161,0.016972514195969627
epinions,lightccn_multi,,4,val-best-recall@20,140,derived_e__softmax__global__L4__ho_user,0.016861257493919788,0.020239683377708814,0.0110941082459805,0.02403623952427755,0.022231303617843933,0.012726586728893709,0.03840820634929698,0.026719840382140134,0.014597464849037964,0.059991533650799046,0.03305914395344859,0.016074907947028084,0.09882110776845683,0.042877640724095376,0.0172793146406674
epinions,lightccn_multi,,4,val-best-recall@20,140,stateful_ef__softmax__global__L4__ho_user,0.017052358664325258,0.02057708316729632,0.011294702473892599,0.02403860498683194,0.022410729069892877,0.012889733800233632,0.038642029177223834,0.026939825848663314,0.014792096928682552,0.05927535751718145,0.03307201867140238,0.016212550865638258,0.09888646148972775,0.043060645543402616,0.017455113968804305
epinions,lightccn_multi,,4,val-best-recall@20,150,stateful_e__softmax__global__L4__ho_user,0.01705911549427466,0.020480378603325022,0.011164990203605854,0.024366194335980394,0.02240310405285617,0.012797855482387297,0.03915353257567517,0.026980594950549944,0.014724939898445403,0.060166722910009546,0.03319306308166308,0.016153868727825045,0.09899245753709386,0.04298710794662161,0.017357981756774495
epinions,lightgcn_cc,,3,test-frame,270,epinions__lightgcn_cc__L3,0.017465061541357414,0.020803211963950876,0.01176339922019632,0.02523305988340049,0.02308368483784162,0.013521395040530904,0.040764362821586846,0.02795945860989741,0.015574990891425097,0.0630493556869702,0.034503302211434966,0.01709682224176982,0.10371210142342883,0.04459515598895877,0.018362662179725462
epinions,lightgcn_cc,,4,test-frame,350,epinions__lightgcn_cc__L4,0.019128878717719656,0.022563705693049576,0.012722802600864126,0.027491131725095073,0.02491977554202957,0.014618432287185491,0.043496960972753046,0.029903325334866,0.016723335129657155,0.06619732892074977,0.036570540734221293,0.018282343888296086,0.10917223592429903,0.04732393914787498,0.019629187647977612
epinions,mf,,3,test-frame,70,base__epinions__mf__L3__tst,0.007081112906172367,0.008564553050371945,0.004647911325535639,0.010463180695910807,0.009587971487284717,0.005405597695742906,0.016841467417648553,0.01168631646140786,0.006244339600078904,0.026943331174843987,0.014753791129006055,0.006930189132788527,0.04998750061687684,0.020580388270454816,0.007640723389795769
epinions,mf,,3,val-best-recall@20,130,base__epinions__mf__L3__val,0.006059715648532743,0.007681860183482028,0.004093210900130611,0.009222440702144136,0.008630559622869405,0.004817366158340405,0.016063732734728116,0.010862899115246858,0.005703586337237431,0.026451497908833787,0.014044042894717628,0.006409907204176556,0.04751527246408418,0.019450798299730298,0.0070617927258371455
epinions,ngcf,,,val-best-recall@20,50,bt__epinions__ngcf__lr5e-4_reg1e-4__val,0.009133177108048682,0.011592783375869182,0.006110454532949489,0.013096854863433925,0.012605656823010467,0.006998587618609356,0.02300142988218775,0.015876120022644945,0.008306157070034001,0.036398981756778186,0.019840547197130718,0.009221100831607671,0.06259890438931731,0.026502687011229157,0.010033200570687932
epinions,ngcf,,,val-best-recall@20,10,bt__epinions__ngcf__lr1e-3_reg1e-4__val,0.008599066399720344,0.011128116082924154,0.0059315979433758855,0.012947970620227048,0.012340970790011977,0.006911249215631597,0.021367542774647422,0.014989319412605699,0.00800915116611601,0.034215533275467336,0.018836641129555586,0.008883235119218225,0.05930377635411347,0.025209585765820747,0.009668855374724271
epinions,ngcf,,,val-best-recall@20,10,bt__epinions__ngcf__lr1e-3_reg1e-5__val,0.008342090796181877,0.010787533607406008,0.005739678184353247,0.013055144652813024,0.01210405517459049,0.006798068080834845,0.02105931854306972,0.014703530508688023,0.007841637621319288,0.03334467423027085,0.01842040688875292,0.008682474943534824,0.059232969908174976,0.024936483574195287,0.009482207214895427
epinions,ngcf,,,val-best-recall@20,190,bt__epinions__ngcf__lr1e-4_reg1e-5__val,0.009367171844987116,0.012254604846510966,0.006330385874266441,0.013756292102524603,0.013359184645060947,0.007327682470191855,0.023185702219288545,0.016338672088861125,0.008557944818789206,0.03792526081980243,0.020689225170768877,0.00955300085887929,0.06640167165524151,0.027849632229000464,0.010436442962662112
epinions,ngcf,,,val-best-recall@20,140,bt__epinions__ngcf__lr1e-4_reg1e-4__val,0.009270528966146323,0.012050540450451515,0.006215234845988232,0.0139510096433248,0.013387117408840273,0.0072776751341044965,0.02381830206683904,0.016463910370124214,0.00855603790007648,0.03784364097900003,0.020627597843631836,0.00951149759188146,0.06741899840472686,0.02803502246341179,0.010428852272895231
epinions,ngcf,,,val-best-recall@20,50,bt__epinions__ngcf__lr5e-4_reg1e-5__val,0.008830631941106162,0.011452331304302796,0.005901625308267526,0.01382401916806005,0.012942754168252236,0.0070315975866752445,0.022771753696874182,0.015721874747073514,0.008201017829264391,0.03569957804981897,0.01954992040605589,0.00907714892477261,0.0625645987871573,0.026392778377716364,0.009917702828143556
epinions,ngcf,,,val-best-recall@20,400,bt2__epinions__ngcf__lr1e-4_reg1e-5__val,0.011710123430314408,0.0145290083008385,0.007644860261562057,0.01829823315492043,0.016600987874446596,0.00912218057429533,0.031150471944921564,0.02079112058114766,0.010805498891137754,0.050189488564946615,0.026410855330652117,0.012097964855409095,0.08776580648875378,0.03589847629840036,0.013268644857037163
epinions,ngcf,,,val-best-recall@20,70,bt2__epinions__ngcf__lr5e-4_reg1e-5__val,0.011586554458059504,0.014181949888422724,0.007226425732497006,0.017497648052670785,0.015952454958000514,0.00856962950646755,0.029574874173310433,0.01982136124771629,0.010131520662953308,0.046999405177240314,0.02496617608820245,0.011301515625559148,0.08436361084716854,0.03438623559874916,0.012481957717242214
epinions,ngcf,,,val-best-recall@20,30,bt2__epinions__ngcf__lr1e-3_reg1e-5__val,0.010810159332939332,0.013564496232561906,0.006899555967726367,0.016349561288129262,0.01510082532011877,0.008155113587881757,0.028256653898757665,0.01896799451132499,0.009709514968952861,0.0453961804741903,0.02401166800371725,0.010861884116051681,0.07973384138874687,0.03265014422469497,0.01192413636821074
epinions,ngcf,,,val-best-recall@20,400,bt2__epinions__ngcf__lr1e-4_reg1e-4__val,0.01165685222527522,0.014502700102106466,0.007621362463903072,0.01830347794850616,0.016601226545453474,0.009110639112999414,0.03133784906200157,0.020864495487462015,0.010815935817906033,0.05006294475802524,0.026393027881338828,0.012087933551631914,0.08794122838893086,0.03594784476402659,0.013271160969571465
epinions,ngcf,,,val-best-recall@20,70,bt2__epinions__ngcf__lr5e-4_reg1e-4__val,0.011333028233507765,0.014118442679352737,0.007330967239120381,0.017033117533501264,0.015809781441594378,0.008610584900915264,0.02913626856430572,0.019731395069366487,0.010203514897501332,0.046776820238119736,0.024942363105511442,0.011405127050371739,0.08412610625288487,0.03434910594956723,0.012573006090321375
epinions,ngcf,,,val-best-recall@20,30,bt2__epinions__ngcf__lr1e-3_reg1e-4__val,0.010884354474468233,0.013472198640685948,0.0069234310499994706,0.016619075571735288,0.015244234920738635,0.008209327265340108,0.02825919129301811,0.018971651536183784,0.009715429377541643,0.04513933579161699,0.02393925630508006,0.01085622718235206,0.07917029561339065,0.032522718137208674,0.011913466373547624
epinions,ngcf,,3,val-best-recall@20,10,base__epinions__ngcf__L3__val,0.008008727673871882,0.009890001574557645,0.005040109732319715,0.012143562911160508,0.01118836465536871,0.005978756971531907,0.020534602963854263,0.013869441484232204,0.00706060899918109,0.03305548277670159,0.017545510834763748,0.007902400502290182,0.059800287287894174,0.02427703829892588,0.008725858128400776
epinions,ngcf,,3,test-frame,70,base__epinions__ngcf__L3__tst,0.00807556694854615,0.010861099725963103,0.005405075416067872,0.011739804773985217,0.011685530952823799,0.006232176626779194,0.021260040634856894,0.014524601025845907,0.007463239475938412,0.03489756275569147,0.01863561487039889,0.008389920080618583,0.062115993927970695,0.0254996053432056,0.009237421023015894
epinions,simgcl,,,val-best-recall@20,20,bt2__epinions__simgcl__lam01__val,0.02002118990835074,0.02369773227705884,0.013370174339404444,0.02862714407976762,0.026192373174046945,0.015331095606961784,0.04458546255416415,0.03111500922301389,0.017414981127042505,0.06817883585093445,0.03803697016951927,0.019022619431906803,0.10863608967623871,0.04834148081597188,0.02028040895582094
epinions,simgcl,,,val-best-recall@20,20,bt2__epinions__simgcl__lam02__val,0.018839898157005076,0.02211970260343499,0.012617283583073803,0.027149050352965682,0.024555949144421135,0.014508449706883303,0.04272920846435212,0.029442369377041214,0.016538590847840106,0.06366503801415821,0.0356366277908861,0.01798037442919918,0.10099727930997388,0.045173088760890004,0.019155820910073243
epinions,simgcl,,,val-best-recall@20,30,bt2__epinions__simgcl__lam1__val,0.014881999214361131,0.016432606325767134,0.009767535912809688,0.021311172639127532,0.018487791434165658,0.011216394482888822,0.0320938874664469,0.02194406842318051,0.012642222366010569,0.0483745970063869,0.026780229867230037,0.013770767357338547,0.07766773008183268,0.03405022532916515,0.014685800710798018
epinions,simgcl,,,val-best-recall@20,40,bt2__epinions__simgcl__lam2__val,0.01267044627537374,0.01382757842183033,0.00828227629812351,0.017721283459031904,0.015297224041584283,0.009421163173997367,0.027885342915763618,0.01860837873978748,0.010749989655780612,0.04205095407933691,0.02280884121975943,0.011712557477000361,0.06616766875301347,0.02878530004979165,0.012458529296650865
epinions,simgcl,,,val-best-recall@20,20,bt2__epinions__simgcl__lam05__val,0.01694378414027252,0.01965913800351019,0.01152047016333638,0.024108136145177095,0.021837451102420295,0.013142943507648755,0.03769911011554113,0.026126402379322466,0.014930273235044976,0.056993879244164894,0.03180050391579668,0.016255225580467304,0.09017411928202362,0.04017412993628933,0.017298019417562937
epinions,simgcl,,3,val-best-recall@20,20,base__epinions__simgcl__L3__val,0.017165569432447913,0.01991758094742691,0.011682720501067822,0.024412572201178234,0.02203999882723141,0.01331869774323742,0.03767251337828375,0.026241264300906005,0.01505327713119553,0.05682862751610658,0.031899954943482085,0.016374441080931286,0.08993357319783211,0.04026047573791094,0.01742132642167504
epinions,simgcl,,3,test-frame,60,base__epinions__simgcl__L3__tst,0.015344988422445327,0.016816084757947665,0.010311204075877328,0.021833116892829185,0.01888096452141229,0.011792680262351463,0.03473927944365606,0.023178393922937753,0.01348414925248355,0.050973586562722294,0.027904762810662755,0.014589355776587225,0.07922073570258589,0.03502676109695606,0.015472199804772883
epinions__val,lightgcn_cc,,3,val-best-recall@20,150,epinions__lightgcn_cc__L3,0.01459726567186456,0.01821791472635509,0.00974456121207182,0.021692512727831646,0.020203265633824546,0.011361047749011907,0.03605450563362485,0.024781421380790515,0.013243622514707218,0.056157856954144915,0.03070146795993366,0.01462385984439369,0.09595425330832842,0.04072593630194926,0.01588103230237059
epinions__val,lightgcn_cc,,4,val-best-recall@20,180,epinions__lightgcn_cc__L4,0.015555368435908894,0.01947946999763683,0.010521422181468875,0.02321405689517851,0.02157678136418048,0.012239957048580405,0.03831632667632182,0.026400868582103443,0.014232806307331123,0.060017919097261,0.03273687258113542,0.015723795749501873,0.10062143856246838,0.04297149359338496,0.016995002265425618
foursquare-nyc,LightCCN-full,2,1,val-best-recall@20,50,dro__foursquare-nyc__t2__sef.sm.B__L1__val,0.013990608796014988,0.07235228481894769,0.009242534010701397,0.01903173221233656,0.06377990161838776,0.010381602312432068,0.02978527194471042,0.054785136024315,0.011800901558100924,0.044395151418687426,0.052037500046058366,0.012798110545900354,0.06889635921929563,0.061797053058492736,0.013562810972321144
foursquare-nyc,LightCCN-full,2,2,val-best-recall@20,60,dro__foursquare-nyc__t2__sef.sm.B__L2__val,0.015979407081330353,0.08477901417925811,0.010941479113197249,0.021548635055123336,0.07392696795540991,0.012191336797850392,0.03253110149107568,0.0617964962799414,0.013628816443342637,0.04818238007220333,0.058164244003336835,0.014703532523781237,0.07658546788066012,0.06944002035284409,0.015603598719938286
foursquare-nyc,LightCCN-full,2,3,val-best-recall@20,80,dro__foursquare-nyc__t2__sef.sm.B__L3__val,0.016122693569458436,0.08602222159395226,0.011083375219634352,0.02237034426622505,0.07707239051427568,0.012484341778380913,0.033404737617162415,0.0634569977668939,0.013924569511232358,0.04935265307122401,0.05975983710514994,0.01502292793342986,0.07929972093059283,0.07151377353368946,0.01596536024020508
foursquare-nyc,LightCCN-full,2,4,val-best-recall@20,140,dro__foursquare-nyc__t2__sef.sm.B__L4__val,0.016969648225739497,0.09143864271609858,0.011966844318758515,0.02343646752505298,0.08141898145258547,0.013419345651394092,0.03482011983615783,0.06725609681436999,0.014903362715361464,0.050711184553020094,0.06228630778376274,0.015993921621921738,0.08192555062209511,0.07447313303664557,0.01695501311372048
foursquare-nyc,LightCCN-full,2,5,val-best-recall@20,80,dro__foursquare-nyc__t2__sef.sm.B__L5__val,0.0164394289762488,0.0910053290263269,0.011495566774167134,0.02294618202304583,0.08002361527896909,0.012961152210113616,0.03319387327685455,0.06496699249159697,0.014321518142735416,0.049336873537925846,0.06078504459921738,0.015414583794154503,0.08117981718337891,0.07344519623265712,0.01641766434260889
foursquare-nyc,LightCCN-full,2,6,val-best-recall@20,120,dro__foursquare-nyc__t2__sef.sm.B__L6__val,0.01748176257127219,0.09546221100688378,0.01200740785175956,0.023270245429370395,0.08217757043592454,0.01332464028400701,0.034064356972128264,0.06718055179339454,0.014761990667730684,0.050562665674873525,0.06239274488047059,0.015898631591844927,0.08381439047180303,0.07562251271785844,0.01693884676242784
foursquare-nyc,LightCCN-prop,2,3,val-best-recall@20,120,dro__foursquare-nyc__t2__sef.sm__L3__val,0.015408099247929503,0.08062142303203515,0.010362261367921418,0.02188707294990072,0.07317138738657727,0.011834224011820195,0.03235557799680652,0.0606521836002168,0.013201131343755113,0.048881536035512624,0.05776056565110876,0.014319763201156565,0.07651400947636632,0.06866449616207447,0.015210068238131187
foursquare-nyc,LightGCN,,,test-frame,140,foursquare-nyc__lightgcn,0.014415858712809905,0.07772759484670222,,0.020703806853065384,0.07026773781202611,,0.03168409543050801,0.05937184101987223,,0.04632255793257787,0.05564745513770888,,0.07266150750590138,0.06589073790464554,
foursquare-nyc,LightGCN,,,test-frame,120,lightgcn__foursquare-nyc,0.015101559561715563,0.082112120612409,,0.021199027354520686,0.07365539034997004,,0.03266739000597355,0.06232449908546892,,0.04838194236803868,0.058200752551147636,,0.07784774445090423,0.06984235727341885,
foursquare-nyc,LightGCN,,1,val-best-recall@20,60,lightgcn__L1,0.011587358663100376,0.06200455693208102,0.008004548735006348,0.016850156298131407,0.056284647583829284,0.009191559714151722,0.026407349549249903,0.04827449234642098,0.010436602305074413,0.03928488687288239,0.04605258916483963,0.011315533855186506,0.06260350487773697,0.055522645899159444,0.01204247864475096
foursquare-nyc,LightGCN,,1,val-best-recall@20,60,dro__foursquare-nyc__lightgcn__L1__val,0.011587358663100376,0.06200455693208102,0.008004548735006348,0.016850156298131407,0.056284647583829284,0.009191559714151722,0.026407349549249903,0.04827449234642098,0.010436602305074413,0.03928488687288239,0.04605258916483963,0.011315533855186506,0.06260350487773697,0.055522645899159444,0.01204247864475096
foursquare-nyc,LightGCN,,2,val-best-recall@20,40,lightgcn__L2,0.013244406713401812,0.0713360120227373,0.008808274822406358,0.018675438506594557,0.06332039632336946,0.010022792084997338,0.02890320148689997,0.05407172892290041,0.011392781679792784,0.044212657320458176,0.05184358256211677,0.012423759790450987,0.07150674642594325,0.06286445790102659,0.013304696978224437
foursquare-nyc,LightGCN,,2,val-best-recall@20,40,dro__foursquare-nyc__lightgcn__L2__val,0.013244406713401812,0.0713360120227373,0.008808274822406358,0.018675438506594557,0.06332039632336946,0.010022792084997338,0.02890320148689997,0.054067555612010806,0.01139072060605581,0.044212657320458176,0.05183940925122717,0.012421698716714013,0.07150674642594325,0.0628595269764185,0.013302414606937096
foursquare-nyc,LightGCN,,3,val-best-recall@20,80,lightgcn__L3,0.015020635185524144,0.08156533961339539,0.010288933242177032,0.021301010767174913,0.07280132964948867,0.011709602574145054,0.032097052969868325,0.06112562092942142,0.013112519589189306,0.0471299600386123,0.057056892078002505,0.01414430262432175,0.07734811315049002,0.0690601698039501,0.015125806786407323
foursquare-nyc,LightGCN,,3,val-best-recall@20,80,dro__foursquare-nyc__lightgcn__L3__val,0.015020635185524144,0.08156533961339539,0.010288933242177032,0.021301010767174913,0.07280132964948867,0.011709602574145054,0.032097052969868325,0.061122687412817185,0.013111765209259434,0.0471299600386123,0.05705517231933244,0.014143744583876227,0.07734811315049002,0.06905892177025769,0.015125295159094094
foursquare-nyc,LightGCN,,4,val-best-recall@20,90,lightgcn__L4,0.01478176770317349,0.0825918901832037,0.010500714569125212,0.0218243183628073,0.07500162144708294,0.012089294721360536,0.03280282758083864,0.062468063558958065,0.013515509672764542,0.049300127248112044,0.05895859712190927,0.014632612835269183,0.08137040950375961,0.07200903692102377,0.015634716051117308
foursquare-nyc,LightGCN,,4,val-best-recall@20,90,dro__foursquare-nyc__lightgcn__L4__val,0.01478176770317349,0.0825918901832037,0.010500714569125212,0.0218243183628073,0.07500162144708294,0.012089294721360536,0.03280282758083864,0.062468063558958065,0.013515509672764542,0.049300127248112044,0.05895859712190927,0.014632612835269183,0.08137040950375961,0.07201035990373969,0.01563502299044584
foursquare-nyc,LightGCN,,5,val-best-recall@20,110,dro__foursquare-nyc__lightgcn__L5__val,0.015693260700712572,0.08531551740467376,0.01089231816274485,0.021827098190775933,0.07587734446695293,0.012250183529178393,0.03325038293793089,0.06303834907811391,0.013740940639694357,0.04984403753497994,0.05975028050697492,0.014842671351178076,0.08224939506423416,0.07280941903191768,0.01585389955486429
foursquare-nyc,LightGCN,,6,val-best-recall@20,120,dro__foursquare-nyc__lightgcn__L6__val,0.016067729737941537,0.0873221626632674,0.011080401981588488,0.022166852657556406,0.07686129766777941,0.012438204492238201,0.033277690933907575,0.0635480725542137,0.013890563548803888,0.049686155263030135,0.05980700110308867,0.01499845190908316,0.08207044748292687,0.07309942693007233,0.01602508102291913
foursquare-nyc,arb,,,test-frame,144,arb__foursquare-nyc__sslrec_k5,,,,0.009,0.0285,,0.0153,0.0259,,0.0252,0.0265,,,,
foursquare-nyc,hccf,,,val-best-recall@20,20,hf__foursquare-nyc__hccf__A_kr0.75__val,0.0003005419956708641,0.0019601893775706126,0.0001538002342090034,0.0003473456525965919,0.0016589802627054717,0.00016316096559414897,0.0007599861512554606,0.0016713597615371798,0.00021525080037015438,0.0013368106866666707,0.0015279306206997488,0.00025431480553664694,0.003918478564744984,0.0027031509440240417,0.0003305567429080606
foursquare-nyc,hccf,,,val-best-recall@20,10,hf__foursquare-nyc__hccf__A_hyp250__val,0.00011075668970405812,0.0007067041892785057,4.5468535773244915e-05,0.00020101002387049914,0.0007530532087099051,6.351920260653313e-05,0.0004417152507253105,0.000772484918706809,9.989627326338217e-05,0.0006234979538267904,0.0006870555676686711,0.00011199870783064754,0.0017840467111088837,0.001188075441889765,0.00014431488354149495
foursquare-nyc,hccf,,,val-best-recall@20,40,hf__foursquare-nyc__hccf__A__val,0.0001913267713279757,0.001356674723936063,0.0001295474072632931,0.0003851652409609255,0.0014925518306820537,0.00017428979023447594,0.0007689298690749855,0.0014791441963505326,0.0002226164930836406,0.0012818680341443274,0.0014027777323050244,0.00025361542288439574,0.0025030111783860874,0.0019092048490965772,0.00028775749551361585
foursquare-nyc,hccf,,,val-best-recall@20,10,hf__foursquare-nyc__hccf__B__val,1.9645979450305494e-05,0.0004333136897717049,1.9645979450305494e-05,9.077322998117342e-05,0.0005691907965176956,3.5229313430250196e-05,0.0003251591712814594,0.000693528783912655,6.623066614295904e-05,0.0007031001062617825,0.0007633415270041432,9.251592391206594e-05,0.0016110293770843717,0.0010917688717738466,0.00011844507245802733
foursquare-nyc,hccf,,,test-frame,50,hf__foursquare-nyc__hccf__B__tst,4.396957305544563e-05,0.00021665684488585246,1.465652435181521e-05,4.396957305544563e-05,0.0001565836589444211,1.465652435181521e-05,0.00024339284665991526,0.0004133297247872718,3.8811062912531757e-05,0.0006023746334218587,0.000571730082108624,6.190672947192872e-05,0.0013848847267055207,0.0008988859395953419,8.460735700995752e-05
foursquare-nyc,hccf,,,val-best-recall@20,50,hf__foursquare-nyc__hccf__Axav_clw1e-2__val,0.006860409246675285,0.03800744781740565,0.004289644956721622,0.010577620080613043,0.03572721220459629,0.005129748428006301,0.017784023175575626,0.03162244001167614,0.006054471505364587,0.02654222024835101,0.02971655303218253,0.006629334821542465,0.04428983916939292,0.03707154760489541,0.007170351762844815
foursquare-nyc,hccf,,,test-frame,610,hf__foursquare-nyc__hccf__A__tst,0.005971018774158509,0.031724399315715926,0.003712033915350473,0.008098787906566055,0.028314110368658427,0.004197834104182053,0.014244891366252893,0.026041024110827142,0.004993183811599093,0.021626580244449252,0.024535071479638872,0.005494252637455368,0.037406714570429676,0.0311923980639525,0.005988302812653689
foursquare-nyc,hccf,,,val-best-recall@20,50,hf__foursquare-nyc__hccf__A_clw1e-4__val,0.0001913267713279757,0.0012534851882921073,0.00012131230327966446,0.00040203820539241473,0.0014042498447432417,0.00016546189668856175,0.0008158594228093087,0.001445054400684567,0.0002197613657551688,0.001341226957769179,0.001419553209206481,0.0002514473969853833,0.0026666222998839167,0.00201736060485988,0.0002923124006258702
foursquare-nyc,hccf,,,val-best-recall@20,60,hf__foursquare-nyc__hccf__Axav_clw1e-4__val,0.009007695044002822,0.046838577790071355,0.0058177930400545,0.012490005758269928,0.041990704002219735,0.0066209948923690205,0.019036058644833112,0.03513364759403629,0.007462568126002144,0.028397457898729373,0.033452059609561956,0.008099808180570019,0.047002228574857724,0.041039595862677726,0.008662164868693428
foursquare-nyc,hccf,,,val-best-recall@20,10,hf__foursquare-nyc__hccf__A_L3__val,0.00014186674049627832,0.0006499705346575574,4.728891349875944e-05,0.00014186674049627832,0.0004697509768332634,4.728891349875944e-05,0.000379840887710586,0.0006236340169690195,7.474588581396309e-05,0.0007740726544913726,0.0006797837355663841,0.0001002113432425299,0.001526594206581955,0.0010544258009027982,0.00012660184063102012
foursquare-nyc,hccf,,,val-best-recall@20,80,hf__foursquare-nyc__hccf__Bxav__val,0.006809127659749791,0.03389096776457445,0.004400854002009062,0.010104780471425441,0.03145467232357955,0.005142422733595674,0.016463192096437235,0.02780969640608104,0.005977732118979955,0.026132271552279818,0.028437954855043086,0.006640698564725618,0.042712524623128245,0.03547645712559714,0.007165063347877156
foursquare-nyc,hccf,,,val-best-recall@20,90,hf__foursquare-nyc__hccf__Bxav32__val,0.006988801844284972,0.03544374378620048,0.005054433927741354,0.009279095968681969,0.030783899449672553,0.00557271776310862,0.013688227409208059,0.025491945385701407,0.006149538433935854,0.020767005076012937,0.02482891367743014,0.006619320520628716,0.0365714618746214,0.032089910474547866,0.007115129685770968
foursquare-nyc,hccf,,,val-best-recall@20,40,hf__foursquare-nyc__hccf__A_clw1e-2__val,0.00014745667694460122,0.001356674723936063,0.00011492404246883491,0.00035096668414002336,0.001371402174622643,0.00016379423767168096,0.0007454794301120812,0.0014758497825180697,0.00021486994601902475,0.0012412961099158935,0.0013947712425698825,0.00024644358281976294,0.002557326533336932,0.001926928631864099,0.00028348430977325064
foursquare-nyc,hccf,,,val-best-recall@20,20,hf__foursquare-nyc__hccf__Axav__val,0.006688373512821436,0.03437073733536917,0.003953182174575795,0.009863199382797921,0.03181348224440224,0.004660764852043875,0.01476928891924503,0.02712321717814552,0.005301451703253502,0.023387247913901902,0.02619182974471423,0.005911834008534864,0.03903481740784579,0.03302484926040475,0.006396237853259751
foursquare-nyc,hccf,,,val-best-recall@20,30,hf__foursquare-nyc__hccf__Axav_hyp250__val,0.004654730135622521,0.027107594144894137,0.002959815738358199,0.007687939667197266,0.02630806223928132,0.003641780277128101,0.012953981500301673,0.023695579102363064,0.004328844542182696,0.01977173519859415,0.022173979842413188,0.004801928451248284,0.037014927957275665,0.029650101941413497,0.0053396164080105266
foursquare-nyc,hccf,,,val-best-recall@20,10,hf__foursquare-nyc__hccf__A_hyp50__val,9.618344105878731e-05,0.0005467809990136015,4.8091720529393654e-05,0.00027059608084538834,0.0007997946251128111,9.169488047604391e-05,0.0005274471860344436,0.0008960716361370321,0.00012407437023665094,0.0007381347235917873,0.0007867791466211294,0.00013847390801894903,0.0017015703922172599,0.0011887670653052634,0.00016905781475609247
foursquare-nyc,hccf,,,val-best-recall@20,70,hf__foursquare-nyc__hccf__Axav_kr0.75__val,0.005390802866015081,0.03198751204162479,0.0038572685705098734,0.008146982583859829,0.029006764953746236,0.004475139593364119,0.013238287719183348,0.02532491548970702,0.005153759939700481,0.021857959774819576,0.024720613738096836,0.005732948568216278,0.03853826853170115,0.03191092059262722,0.006243963462416381
foursquare-nyc,hccf,,,val-best-recall@20,10,hf__foursquare-nyc__hccf__A_kr0.25__val,0.00011242944520073269,0.0010832842244292624,9.84391265012727e-05,0.00016057260072534498,0.001038941773350959,0.00010911703150865467,0.00044971309521330417,0.0009793782841958766,0.00014004458294418847,0.0005479980232195945,0.0007424948575144351,0.0001463802876133246,0.0017164661369306216,0.0012670762174941343,0.00017998488823388993
foursquare-nyc,hccf,,,val-best-recall@20,50,hf__foursquare-nyc__hccf__Axav_kr0.25__val,0.011053499430986718,0.06581146837798034,0.007181250580801034,0.014600024912650897,0.055762198099832384,0.00798823728241409,0.023088343525384095,0.04576563733013676,0.009101646625624722,0.035054272834041625,0.0423676615277731,0.00991379107826989,0.05764548540570399,0.05114109872382353,0.010622900869031495
foursquare-nyc,hccf,,,val-best-recall@20,160,hf__foursquare-nyc__hccf__Axav_hyp50__val,0.00942004404419052,0.05392124224308559,0.006592081324126009,0.013950012948305017,0.04824029765085163,0.007599286936731115,0.021457504441214578,0.040559036584988134,0.008586061465190954,0.03222947074213695,0.038501163687273,0.009331444023960356,0.054680778890846965,0.04776157899032948,0.01003517046814893
foursquare-nyc,hccf,,,test-frame,80,hccf__foursquare-nyc,3.419855682090216e-05,0.00027339049950680076,,3.419855682090216e-05,0.0001975865787022415,,0.0001776091206323133,0.00037462803861976646,,0.0005816012299193121,0.0005502162704689364,,0.0013388759360590634,0.0008781954034270724,
foursquare-nyc,hccf,,,test-frame,80,hccf__foursquare-nyc,3.419855682090216e-05,0.00027339049950680076,,3.419855682090216e-05,0.0001975865787022415,,0.0001776091206323133,0.0003792765583605931,,0.0005816012299193121,0.0005535631632623648,,0.0013388759360590634,0.0008806035570067813,
foursquare-nyc,hccf,,,test-frame,600,hccf__foursquare-nyc__clw0.1,0.0064076410459196695,0.032554848587834265,,0.009046022130816903,0.02949498918879148,,0.014731222634666478,0.026242278714977262,,0.022659219212596216,0.025387066651701803,,0.03623931538162861,0.03105931486478978,
foursquare-nyc,hccf,,,test-frame,600,hccf__foursquare-nyc__clw1e-05,0.006084315101031125,0.0321474352318897,,0.00885055111246111,0.029518992796290847,,0.014430907079257278,0.025933440287446236,,0.021879083175136198,0.02491639947714787,,0.03582608261563963,0.03090142742192223,
foursquare-nyc,hccf,,,test-frame,600,hccf__foursquare-nyc__clw0.001,0.006020759081796435,0.03193077838700384,,0.008671843199389585,0.029120109825227603,,0.014430907079257278,0.02588437166190941,,0.02193679323977147,0.024898375794684287,,0.03583620718838266,0.030840191090595572,
foursquare-nyc,hccf,,3,test-frame,50,base__foursquare-nyc__hccf__L3__tst,0.0,0.0,0.0,8.015286754898944e-05,0.0002422993121188214,1.6030573509797887e-05,8.015286754898944e-05,0.00015723567431508953,1.6030573509797887e-05,0.0005393669182583742,0.0004574028988905165,4.936968631737094e-05,0.0011561846848052878,0.0007391777954682847,6.658248698282148e-05
foursquare-nyc,hccf,,3,val-best-recall@20,10,base__foursquare-nyc__hccf__L3__val,0.00014186674049627832,0.0006499705346575574,4.728891349875944e-05,0.00016285221854546827,0.0005909006328926739,5.1486009108597436e-05,0.000379840887710586,0.0006322935589065846,7.630036566945863e-05,0.0008510194073384023,0.0007289757969054337,0.00010611201573911618,0.001526594206581955,0.0010610910419218884,0.00012879962269813375
foursquare-nyc,lightccn_multi,,,test-frame,120,foursquare-nyc__derived_e__softmax__global__ho_user,0.014826005706562177,0.079135658438628,,0.021173564305598604,0.07134563068151285,,0.030790971213888987,0.05881188230241281,,0.045176978285343,0.05543282039774128,,0.07317573957049738,0.06652548444595073,
foursquare-nyc,lightccn_multi,,,test-frame,100,foursquare-nyc__derived_ef__signed__global__ho_item,0.013711143670294058,0.07297142203281143,,0.019165573619563232,0.06436804518210736,,0.02892512649693024,0.05405602410190424,,0.042404100332636335,0.05058702978034226,,0.0674498396232656,0.06043260891934198,
foursquare-nyc,lightccn_multi,,,test-frame,90,foursquare-nyc__derived_e__signed__global__ho_both,0.01427263478217638,0.07807827454802586,,0.02007452725399004,0.06910496286800026,,0.030495908686815044,0.05766490558854144,,0.04478018387787166,0.05412456440538431,,0.0682052665292141,0.06309444351308317,
foursquare-nyc,lightccn_multi,,,test-frame,100,foursquare-nyc__derived_ef__softplus__global__ho_both,0.015099571529012732,0.08118875957824463,,0.021402131634867087,0.07246034273539957,,0.03123827530422623,0.05937792561209495,,0.04622841794781092,0.055826248203583756,,0.07070841184574993,0.06528365534790123,
foursquare-nyc,lightccn_multi,,,test-frame,80,foursquare-nyc__derived_ef__softplus__global__ho_item,0.014402853490102483,0.07758822720363322,,0.020289182249991263,0.06931200259563837,,0.03047603513184384,0.05800984481600959,,0.045247821648417785,0.05439105641551633,,0.06890800860243929,0.06329995486550459,
foursquare-nyc,lightccn_multi,,,test-frame,110,foursquare-nyc__derived_ef__softmax__global__ho_item,0.014739499069752929,0.07744885956056419,,0.020926091024579208,0.07086715841249495,,0.03126649245144703,0.059213877920775634,,0.046584647666519596,0.05575776654475965,,0.07380535187098296,0.06653237919323274,
foursquare-nyc,lightccn_multi,,,test-frame,110,foursquare-nyc__derived_e__softmax__global__ho_both,0.016044170672292534,0.08330887214608014,,0.021122439643691097,0.07224109005687651,,0.030959017528530836,0.059959805605137466,,0.04657222087503577,0.056809880865752296,,0.07412409817951172,0.06761576501435329,
foursquare-nyc,lightccn_multi,,,test-frame,100,foursquare-nyc__stateful_ef__softplus__global__ho_both,0.015233736940619304,0.07906864701040911,,0.020088445856447017,0.06895846036116174,,0.031709133914318774,0.05863182762942071,,0.04403162965520433,0.053878222092946355,,0.06794893434063659,0.06314582124993176,
foursquare-nyc,lightccn_multi,,,test-frame,90,foursquare-nyc__derived_ef__signed__global__ho_both,0.014332789659082275,0.07853214378499346,,0.02050971960543986,0.06979436257585424,,0.030421248539462143,0.05766329508886974,,0.04398680999346048,0.05348566051111848,,0.06852958119623793,0.06302621233786859,
foursquare-nyc,lightccn_multi,,,test-frame,100,foursquare-nyc__derived_e__softplus__global__ho_user,0.015633568067809602,0.08317484928964236,,0.021514110179379493,0.07252412779506547,,0.03141149749504577,0.060109063316619915,,0.04537664702752462,0.055572843118666546,,0.07020649130379328,0.0653748207369514,
foursquare-nyc,lightccn_multi,,,test-frame,110,foursquare-nyc__derived_ef__softmax__global__ho_user,0.01613506276696466,0.08538252883289266,,0.021514636892854266,0.07399962472836484,,0.0315165852004004,0.06119316104612404,,0.04699235357079569,0.057840289960900494,,0.07380946799907967,0.0683753897792767,
foursquare-nyc,lightccn_multi,,,test-frame,90,foursquare-nyc__derived_e__signed__global__ho_item,0.013158726541293131,0.07433837453034542,,0.020082427078025704,0.0684457851143004,,0.029981212444107806,0.05679735604507158,,0.04423621542623155,0.053238303387831844,,0.06762323748496285,0.06209016895204092,
foursquare-nyc,lightccn_multi,,,test-frame,90,foursquare-nyc__stateful_ef__softplus__global__ho_user,0.015393982436337625,0.082205032374455,,0.020080253475365288,0.07062990668082424,,0.03140556042657479,0.05972024332803442,,0.04540792894604924,0.0556617745888221,,0.06897374399061491,0.0647557473739373,
foursquare-nyc,lightccn_multi,,,test-frame,90,foursquare-nyc__derived_e__softplus__global__ho_item,0.014136656206975405,0.07704144620461961,,0.020114499295062985,0.06909198826579478,,0.030773167136776202,0.05813443571817137,,0.045337908277463715,0.054434492399315734,,0.06862475681798083,0.06326615392099255,
foursquare-nyc,lightccn_multi,,,test-frame,110,foursquare-nyc__stateful_e__softmax__global__ho_item,0.014693961072065477,0.07830520916650964,,0.020946489901387998,0.07073171875880925,,0.031042031843981757,0.05908418491157661,,0.046412524009351565,0.055800236051428094,,0.07356671457613755,0.06657105145953296,
foursquare-nyc,lightccn_multi,,,test-frame,110,foursquare-nyc__stateful_ef__softmax__global__ho_user,0.016184001977953732,0.08456235733437226,,0.02145281896071568,0.07358291131435765,,0.03166889898017776,0.06110030157098007,,0.046971572979910975,0.057642756475102905,,0.07385846418751651,0.06824229071883903,
foursquare-nyc,lightccn_multi,,,test-frame,100,foursquare-nyc__stateful_e__signed__global__ho_item,0.013972435543588065,0.07595816198019036,,0.020042081673839713,0.06852480844471008,,0.03117385731882493,0.05824884297679127,,0.044201982707392014,0.05354066963231901,,0.06886640555787511,0.06303524588765569,
foursquare-nyc,lightccn_multi,,,test-frame,100,foursquare-nyc__stateful_e__softplus__global__ho_user,0.016231405400188352,0.08593465461853751,,0.02075624359062343,0.07330972381252122,,0.03152011982060517,0.061310122613490205,,0.04617272832258755,0.057030613221389775,,0.07085555819337995,0.06651983183950579,
foursquare-nyc,lightccn_multi,,,test-frame,80,foursquare-nyc__stateful_ef__signed__global__ho_both,0.01551637727147812,0.0819316418749482,,0.021057889613043175,0.07234367830506429,,0.031514290585254956,0.05995142640073449,,0.04615584843853665,0.05612542882671517,,0.0713574853217789,0.06578994795483446,
foursquare-nyc,lightccn_multi,,,test-frame,130,foursquare-nyc__stateful_ef__softmax__global__ho_both,0.015939162272925887,0.08377836394327692,,0.021493488195388374,0.07333101973112957,,0.0318716775378683,0.061262154649516315,,0.045945935248106765,0.056633264998141926,,0.07291388115304559,0.06729553598478452,
foursquare-nyc,lightccn_multi,,,test-frame,100,foursquare-nyc__derived_e__softplus__global__ho_both,0.014831224651870723,0.07970833977146873,,0.02086418689734403,0.07080548290254401,,0.030755599270855725,0.0586322867981427,,0.045316647786669106,0.05490083658279088,,0.07013955011941818,0.06451206332805112,
foursquare-nyc,lightccn_multi,,,test-frame,80,foursquare-nyc__stateful_ef__softplus__global__ho_item,0.015034308841543853,0.07857859966601646,,0.019675158890769876,0.06800911933231145,,0.02992019280075869,0.056666969100171584,,0.04405931825376281,0.053152700092383785,,0.06764178558643887,0.06222737833957988,
foursquare-nyc,lightccn_multi,,,test-frame,110,foursquare-nyc__stateful_e__signed__global__ho_user,0.014457907134365993,0.07819174185726777,,0.020677488974806132,0.07017252940141022,,0.03031945591505206,0.05799184280398239,,0.04344717487209545,0.0536571133166135,,0.06635127813043065,0.06254268818131338,
foursquare-nyc,lightccn_multi,,,test-frame,100,foursquare-nyc__stateful_e__softplus__global__ho_both,0.015506811304352502,0.08308193752759636,,0.021185105323948256,0.07258520739160966,,0.03095112983834271,0.05991060795175579,,0.046110407177333994,0.05614472475720637,,0.07069124230789575,0.06564256862824573,
foursquare-nyc,lightccn_multi,,,test-frame,100,foursquare-nyc__stateful_ef__signed__global__ho_user,0.01577020291413274,0.0824784228739618,,0.021026969096194705,0.07200630707238029,,0.03140975262847381,0.05973651924150725,,0.045757686926056106,0.05596321009771707,,0.06844779300574329,0.0646139493943711,
foursquare-nyc,lightccn_multi,,,test-frame,110,foursquare-nyc__derived_e__signed__global__ho_user,0.01407756677191871,0.07614891849124907,,0.02038501568346005,0.06794635221048848,,0.030524520077152655,0.05712801065223876,,0.043513675772051175,0.052867589820237856,,0.06670414460387768,0.06187464810173754,
foursquare-nyc,lightccn_multi,,,test-frame,90,foursquare-nyc__derived_ef__softplus__global__ho_user,0.01586365273152905,0.08520205009543187,,0.021138299715313388,0.0743268374835149,,0.031900291501059705,0.061590664099089525,,0.04633018937050077,0.05728438237692263,,0.07030693822916649,0.06637308740042588,
foursquare-nyc,lightccn_multi,,,test-frame,100,foursquare-nyc__derived_ef__signed__global__ho_user,0.015078304240291473,0.08099800306718591,,0.02088982143170766,0.07129066494931813,,0.03114098595514259,0.05970004521936063,,0.044473320282698764,0.05488678490961309,,0.06932635694194242,0.0646396125543864,
foursquare-nyc,lightccn_multi,,,test-frame,110,foursquare-nyc__derived_e__softmax__global__ho_item,0.015101132152992662,0.07890872382014422,,0.02122074058317685,0.07124787199250086,,0.030677899859822225,0.05853101974757256,,0.046796248170572874,0.0558486317818617,,0.07361984162012307,0.06649853469242538,
foursquare-nyc,lightccn_multi,,,test-frame,80,foursquare-nyc__stateful_ef__signed__global__ho_item,0.013989238566376024,0.0751482682552679,,0.019998995394179285,0.06828920153035843,,0.029492307873468952,0.056178711458673855,,0.04314129164456728,0.052436099643252805,,0.0669342663662553,0.061715741584013994,
foursquare-nyc,lightccn_multi,,,test-frame,140,foursquare-nyc__stateful_e__softmax__global__ho_user,0.014891427576136606,0.07817118631007187,,0.02084900388087121,0.070807172408623,,0.03174162183503309,0.059961047554305306,,0.04576190009413447,0.055806060302487186,,0.07156872512446676,0.06585617136744074,
foursquare-nyc,lightccn_multi,,,test-frame,110,foursquare-nyc__stateful_e__softplus__global__ho_item,0.014082083790151674,0.07763468308465622,,0.02059817144119812,0.0702909874503908,,0.03063464669294738,0.05825708279321679,,0.04427130266304061,0.05398097138471462,,0.0665678896346021,0.06260555807207903,
foursquare-nyc,lightccn_multi,,,test-frame,90,foursquare-nyc__stateful_e__signed__global__ho_both,0.01445969383225798,0.07912538066503007,,0.020342021861251235,0.07001961597781006,,0.030306464603668027,0.05795426068447357,,0.04448943995793008,0.05433967272265097,,0.06876641339162548,0.06362766854595392,
foursquare-nyc,lightccn_multi,,,test-frame,160,foursquare-nyc__stateful_e__softmax__global__ho_both,0.014757893523696072,0.07904809146321323,,0.02102905969239411,0.07163823747431909,,0.031991663535647724,0.06021802051198525,,0.0452898282667342,0.05536810841894882,,0.07209742737608045,0.0657968934543365,
foursquare-nyc,lightccn_multi,,,test-frame,110,foursquare-nyc__stateful_ef__softmax__global__ho_item,0.014834107577273908,0.077722250060071,,0.021206436143273867,0.07124079131329673,,0.031071426001270802,0.0589815620474215,,0.04672834885229403,0.055937010763698364,,0.07398215298174103,0.06671589823178646,
foursquare-nyc,lightccn_multi,,,test-frame,140,foursquare-nyc__derived_ef__softmax__global__ho_both,0.01579494216015049,0.08204510918419011,,0.020886028002632288,0.07142143630583343,,0.03241540851056193,0.061217491820591614,,0.045790041719661737,0.05611579465838344,,0.0722583003333855,0.06645495209524961,
foursquare-nyc,lightccn_multi,,1,val-best-recall@20,60,derived_e__softmax__global__L1__none,0.01158795633813244,0.060910994934053816,0.008016875908140058,0.017112623793368042,0.056764425288250965,0.009250302259852962,0.026554964420257746,0.0484512288187522,0.010509318754983673,0.03943933150319456,0.04628418200031537,0.011382825879245112,0.06222593450953973,0.05544126061021598,0.012096120119239717
foursquare-nyc,lightccn_multi,,1,val-best-recall@20,50,derived_ef__softmax__global__L1__none,0.01144543697785409,0.06096772858867477,0.007896626729793814,0.016353956714542536,0.05534790154269944,0.009015577407722549,0.026369879778491204,0.04825862719866417,0.0103487990788323,0.03868377352410566,0.04536049061193756,0.011164408664937639,0.06210227414371051,0.055009372451629526,0.011902819235907499
foursquare-nyc,lightccn_multi,,1,val-best-recall@20,60,stateful_ef__softmax__global__L1__none,0.01166674487570405,0.06135458639742346,0.008065591190767224,0.01703331851936095,0.056600422001989024,0.009270377642752575,0.026587678907137893,0.04859987530002411,0.01054325096684339,0.03985796910612416,0.04651584891341273,0.011433507012639878,0.06199265724840482,0.055457377853467424,0.012129760761592666
foursquare-nyc,lightccn_multi,,1,val-best-recall@20,90,derived_ef__softmax__global__L1__ho_user,0.013689910234390446,0.07072221959550481,0.0093519362287807,0.01897899475514306,0.06338438360354347,0.010540956646426493,0.028534075042782207,0.053026719497844724,0.011795418629719615,0.04205637228465061,0.05018489594480454,0.012733799431037989,0.06493973235849701,0.05925306523361093,0.013446807047620036
foursquare-nyc,lightccn_multi,,1,val-best-recall@20,50,stateful_ef__softmax__global__L1__ho_user,0.013122641283471745,0.06807588157585158,0.008534423461446072,0.019148030347964758,0.06216435365573124,0.009900184922429249,0.02785471293904707,0.0516127342832612,0.011027986776847281,0.04298003959489545,0.0497736144510729,0.012062528328478138,0.06732002565893022,0.05968508398704092,0.012823908478882165
foursquare-nyc,lightccn_multi,,1,val-best-recall@20,70,derived_e__softmax__global__L1__ho_user,0.01282652970515471,0.06609513665108509,0.00856024530928698,0.018391778775622,0.06063148981054878,0.009843535944286441,0.028254090633167417,0.05163768544418737,0.011149790185730122,0.0416502949933183,0.04885569263035245,0.012066798979602906,0.06507470756869027,0.05824680293897967,0.012792405134911132
foursquare-nyc,lightccn_multi,,1,val-best-recall@20,40,derived_ef__softplus__global__L1__ho_user,0.014067421933043295,0.07448267516038114,0.00964566294102237,0.019598830467191516,0.06701034343870642,0.010869560904553177,0.028196314986190997,0.054372746964753436,0.012010377503700187,0.04270558108094063,0.05160512795094766,0.012998569568786485,0.0673665000911004,0.061512644778624274,0.013778219461097528
foursquare-nyc,lightccn_multi,,1,val-best-recall@20,70,stateful_e__softmax__global__L1__ho_user,0.012907219212145427,0.0663685271505919,0.00859183830682489,0.01835307398039293,0.06066675423366152,0.009844959960924892,0.027956476608108006,0.05133857542540787,0.011120578996635077,0.041221562914208434,0.04861717705374979,0.012039995886226352,0.06458654452281715,0.058052873158988494,0.012773602074300646
foursquare-nyc,lightccn_multi,,1,val-best-recall@20,40,derived_ef__softplus__global__L1__none,0.012770710741197178,0.06861238480126726,0.008493885743935609,0.01805375501686934,0.06204083067067687,0.009690328986127924,0.027134773409414226,0.05153494657788193,0.010880853247093479,0.04077070691160934,0.048282537706711925,0.011797544078888809,0.06464808864080486,0.05809373728171536,0.012582899121759764
foursquare-nyc,lightccn_multi,,1,val-best-recall@20,50,stateful_e__softmax__global__L1__none,0.01144543697785409,0.06096772858867477,0.007896626729793814,0.016332483202120107,0.05521302772013,0.009006152921714928,0.02620148905849263,0.04806848353625661,0.010325805712569164,0.03868523917654085,0.04534429190342614,0.011156891220725348,0.062146243716765956,0.055015621652437195,0.011895907823714065
foursquare-nyc,lightccn_multi,,2,val-best-recall@20,60,derived_ef__softplus__global__L2__ho_user,0.01622137946313896,0.08861182595898455,0.01141123701799606,0.022246346980172943,0.07721659848091289,0.012804455159764631,0.03181856726256515,0.062313209036684636,0.014065933734469568,0.0470928775394341,0.058434997596013845,0.015111890148311042,0.07396729280139754,0.06907002886871523,0.015960210113759116
foursquare-nyc,lightccn_multi,,2,val-best-recall@20,90,stateful_e__softmax__global__L2__none,0.013928369536752229,0.07651522075280189,0.009758704843380702,0.020004925404414335,0.06910728034705814,0.011130936243613453,0.03055220348492396,0.058205643475311666,0.012547151945310966,0.046280829766205685,0.054916607960529974,0.013616988454761671,0.0730145511134595,0.06542152400616365,0.014452935674939582
foursquare-nyc,lightccn_multi,,2,val-best-recall@20,60,derived_ef__softmax__global__L2__none,0.01369001600606631,0.07302281090080112,0.009215795076938975,0.01914431857410288,0.06527192642568941,0.010445576956932151,0.030546533966663833,0.05633977287418274,0.011941058834517635,0.04524742836557672,0.053267117232317945,0.01293721824911963,0.07296297648189345,0.06423219057132981,0.01380645874775042
foursquare-nyc,lightccn_multi,,2,val-best-recall@20,50,derived_ef__softplus__global__L2__none,0.015422868558877041,0.08313867118221731,0.01066655250325276,0.021325144319148268,0.07333725045147745,0.012020451084368992,0.03075923359319456,0.05969582293031498,0.013255628770001924,0.04572596453486897,0.056111612171970596,0.014283813536318976,0.07458379948809311,0.0677049579968515,0.015214926694529491
foursquare-nyc,lightccn_multi,,2,val-best-recall@20,70,stateful_ef__softmax__global__L2__none,0.013842386652535475,0.0741525510062534,0.009483044553486768,0.020137356275974114,0.06833773426170205,0.010888582085768558,0.031068458147480132,0.057888611848914265,0.012307420595500976,0.04574878060153239,0.05425394834425872,0.013304710717784966,0.07394984582119615,0.06541829374543603,0.01419203844879546
foursquare-nyc,lightccn_multi,,2,val-best-recall@20,70,stateful_ef__softmax__global__L2__ho_user,0.015058096237671934,0.08032213219870123,0.0103192824348261,0.02178358464401826,0.07312960144364652,0.011836637237984152,0.03206297744407557,0.06020964397724688,0.013184007734971338,0.04718003774394395,0.05649882091821544,0.014205464140786713,0.07482712514718687,0.06761000153063644,0.015074815877139358
foursquare-nyc,lightccn_multi,,2,val-best-recall@20,70,stateful_e__softmax__global__L2__ho_user,0.014709161563429453,0.07806265198779669,0.010129452150776947,0.0210169034802311,0.07079259364322751,0.01156177695329133,0.03130658283729132,0.059083390686169385,0.012908971953548877,0.04604621951423029,0.05546982327386794,0.013921697235640348,0.07409745539405334,0.06673289459971807,0.014813577916795356
foursquare-nyc,lightccn_multi,,2,val-best-recall@20,50,derived_ef__softmax__global__L2__ho_user,0.014304045074058984,0.07730949191749516,0.009809429067359437,0.020292713322588564,0.0690443938177541,0.011174276338738276,0.030482684928358504,0.05782980186997524,0.01250834317387854,0.04605257772052821,0.05505820043098894,0.013579265091649525,0.07472671931381389,0.06644903121127793,0.014478926840028107
foursquare-nyc,lightccn_multi,,2,val-best-recall@20,70,derived_e__softmax__global__L2__ho_user,0.01454500849068912,0.07703610141798838,0.009991474480332914,0.021289127874291398,0.07062219369985753,0.011521012066269366,0.0316531398825611,0.0591995413932545,0.012857066203892112,0.04619723339398615,0.05541830690593063,0.013847126961976293,0.07360435454014463,0.06638457656183262,0.014721688244200486
foursquare-nyc,lightccn_multi,,2,val-best-recall@20,90,derived_e__softmax__global__L2__none,0.013967192199135177,0.07642230899075586,0.009826153535530228,0.02044984732842184,0.07006422446223164,0.011295615641032238,0.03130007513235764,0.05903416545336724,0.012700208541770912,0.04647163948780578,0.05507650423314215,0.013709028640576154,0.07200173949471513,0.0651395587701342,0.01451530188241371
foursquare-nyc,lightccn_multi,,3,test-frame,110,twr__foursquare-nyc__ho_item__L3__tst,0.01497513987146866,0.08085863542411688,0.010570005204771025,0.02083890036955714,0.07210627330874374,0.011921325883004727,0.03266879722153939,0.06150507429073575,0.013496396058229072,0.04735323585448078,0.05738875743339159,0.01450336111292074,0.07722241128647224,0.06940453296993257,0.015463318290347305
foursquare-nyc,lightccn_multi,,3,val-best-recall@20,140,twr__foursquare-nyc__ho_both__L3__val,0.015702025551175884,0.08507830501259203,0.010886263826028862,0.022410847653340237,0.07614156527216025,0.012431766142719443,0.032712773672121574,0.0623425377131696,0.01377278107297027,0.04780024869551154,0.058237640669056456,0.01481833036266393,0.07705639628833799,0.06998190127733676,0.015756888288634783
foursquare-nyc,lightccn_multi,,3,test-frame,150,twr__foursquare-nyc__ho_both__L3__tst,0.01614795914139765,0.08433542271588847,0.011097692536396463,0.021685855862414227,0.07448416604937189,0.012364206343833365,0.03370127744306894,0.06287995004316076,0.013900084765530108,0.04929782393963835,0.05916777760292599,0.014969769703636324,0.07760363139841729,0.07015605665793184,0.015863462363923452
foursquare-nyc,lightccn_multi,,3,val-best-recall@20,130,twr__foursquare-nyc__ho_item__L3__val,0.015675842766956164,0.08117848180464668,0.010440346087221655,0.022277272837416477,0.07348836495380728,0.011930304803891918,0.03268208786169627,0.060971012942901845,0.01331007799786409,0.048279710178002117,0.0574683198462597,0.014365126528501299,0.07686590197830802,0.06886682001801352,0.015267472226474888
foursquare-nyc,lightccn_multi,,3,val-best-recall@20,60,derived_ef__softplus__global__L3__none,0.015960616757018355,0.08761117572300338,0.011164307216260017,0.02203767622797375,0.07673333343503379,0.012546205646967006,0.03159003353215755,0.06199012584474762,0.013786937595093146,0.046759444003888546,0.05771598817425537,0.014826513219097528,0.07662050216237218,0.06999252033540622,0.015778891860715426
foursquare-nyc,lightccn_multi,,3,val-best-recall@20,130,derived_ef__softmax__global__L3__none,0.01551903897987572,0.0818646304467293,0.010544633500546158,0.022193344915791113,0.07380471058364357,0.012064748583613184,0.032422238083193736,0.060968768328988336,0.013424254016613995,0.047985497891045725,0.05760217171228756,0.014484653352919428,0.07592553853831799,0.0683994491564963,0.015361912440917454
foursquare-nyc,lightccn_multi,,3,val-best-recall@20,130,stateful_e__softmax__global__L3__none,0.015588990573373018,0.0819780977559712,0.010493503406380843,0.022429349854341894,0.07369694593454966,0.012028996860727436,0.03250284896712872,0.06080671881175537,0.01335025307717724,0.04813963692163622,0.05754525167261296,0.014412252354369966,0.07596440525703356,0.06831948036875962,0.015285284950066255
foursquare-nyc,lightccn_multi,,3,val-best-recall@20,120,stateful_ef__softmax__global__L3__none,0.015507153187749855,0.08047177761536818,0.01047273372803314,0.02213743333915292,0.0733670750723198,0.011996325646721642,0.03198938296179641,0.060385848745824214,0.013327993852031516,0.04759156275295158,0.056897277433320875,0.014374965482113847,0.07545356782689923,0.06808331873008724,0.015270809131265715
foursquare-nyc,lightccn_multi,,3,val-best-recall@20,100,derived_ef__softmax__global__L3__ho_user,0.015902956384100317,0.08551161870236373,0.010879278463348737,0.022583779780794237,0.0762561369831222,0.012397787965343752,0.032866627624033105,0.062062748045559044,0.01373211271588734,0.047369255551410784,0.05767295445482398,0.014714420052905432,0.07731235007598825,0.0697295728413152,0.01565906974445183
foursquare-nyc,lightccn_multi,,3,val-best-recall@20,110,derived_e__softmax__global__L3__ho_user,0.015886826737196054,0.08333477247990727,0.010923674573019758,0.02279835241967914,0.07539506503873815,0.01249720777281617,0.03229415432388185,0.06168802879503243,0.013742631310588173,0.047793564259382554,0.05781123035786073,0.01479083545338088,0.07688598416291499,0.06941769950502204,0.015707104426353757
foursquare-nyc,lightccn_multi,,3,val-best-recall@20,110,stateful_e__softmax__global__L3__ho_user,0.01591644173647806,0.08389183125251881,0.010879920912603725,0.022962486588959687,0.07590509170577886,0.012474401783617492,0.03204423909587378,0.06139652271734787,0.013678274981702567,0.04731202172637439,0.057667903451224675,0.014730720395336901,0.07688749525661415,0.06945656720662344,0.01567271774847372
foursquare-nyc,lightccn_multi,,3,val-best-recall@20,110,stateful_ef__softmax__global__L3__ho_user,0.015810326163296647,0.08480491451308522,0.011084428559435045,0.022182649760429145,0.07578557448136179,0.012565520296095778,0.03289370193850008,0.06270952350971075,0.013998841698038217,0.04781551338682567,0.0584700317803564,0.015016322488202827,0.07710825250037896,0.07014350154902384,0.015949995067499126
foursquare-nyc,lightccn_multi,,3,val-best-recall@20,60,derived_ef__softplus__global__L3__ho_user,0.016307643402414234,0.08774519857944116,0.011405331805098914,0.022797701337897523,0.07797543888529798,0.012868199187569951,0.03148891137548011,0.06208546656996374,0.014002220169258405,0.047687564461291,0.05857608748678099,0.015093792456909831,0.07696816177526891,0.0705570215508427,0.016020908652880583
foursquare-nyc,lightccn_multi,,3,val-best-recall@20,130,derived_e__softmax__global__L3__none,0.01566244096418915,0.08154478406619951,0.010493618893034995,0.02191883503652876,0.07310474726592961,0.011934286621606335,0.03260270856885248,0.0607777348082652,0.013345615614675788,0.048238620208753615,0.057417984907769545,0.014390300571374715,0.07591620081395639,0.0682168146180244,0.015256456237170021
foursquare-nyc,lightccn_multi,,4,val-best-recall@20,130,stateful_e__softmax__global__L4__none,0.01573189991780161,0.08328831659888426,0.010568144374265948,0.02256103396811719,0.07539273960071281,0.01214430065164377,0.0328661184283576,0.062090506711538575,0.013519602169615112,0.04972996120955318,0.058932576783058736,0.014651663774550218,0.07837228333057013,0.07040015785079261,0.015568460522066433
foursquare-nyc,lightccn_multi,,4,val-best-recall@20,130,derived_e__softmax__global__L4__ho_user,0.016154576136161804,0.08648143561755109,0.011146691184037659,0.02269516942537911,0.07703984661878413,0.01263848715619957,0.03269728415624737,0.06262259647934401,0.01396264119653118,0.04867166360385735,0.05922558497248429,0.015069019912859907,0.08060926235166727,0.07228419342859511,0.016093959533100943
foursquare-nyc,lightccn_multi,,4,val-best-recall@20,160,derived_e__softmax__global__L4__none,0.015716230995820972,0.08175116313748741,0.010536457054647196,0.022697164199930533,0.07532289464015474,0.01214071255628388,0.03337266707780195,0.06206289053222228,0.013551635659454699,0.0499454254688348,0.059082225605318894,0.014680817029697672,0.07913195928998601,0.07068292617742203,0.015590847656837487
foursquare-nyc,lightccn_multi,,4,val-best-recall@20,110,stateful_e__softmax__global__L4__ho_user,0.015927199134118115,0.0855477968097888,0.010993076376125116,0.022709883051263122,0.07667156072691303,0.012528001832185004,0.032758887800091493,0.06264805118621838,0.013872320429069752,0.048237652639278254,0.05884095475986192,0.014935873129279574,0.08054520536302742,0.07201973778678138,0.015968272828389595
foursquare-nyc,lightccn_multi,,4,val-best-recall@20,40,derived_ef__softplus__global__L4__ho_user,0.01576816933852282,0.08675482611705791,0.01121681843587659,0.021399697751995368,0.0756229274509607,0.012509974482760011,0.031035945419274586,0.06149685437050589,0.013770167761079245,0.04687535012815389,0.057895765529120104,0.014835462443685407,0.0758725988915468,0.06963486485866609,0.015755538891406153
foursquare-nyc,lightccn_multi,,4,val-best-recall@20,80,derived_ef__softmax__global__L4__none,0.015422767474803136,0.08262806829062876,0.010444057279842075,0.020611422017893725,0.07214982888002686,0.011619699129872015,0.03231796020563222,0.061193093682090374,0.013189757276239217,0.0486717087346509,0.057785219097919324,0.014273712902224397,0.07777348079071168,0.06946603628501533,0.015185209808032422
foursquare-nyc,lightccn_multi,,4,val-best-recall@20,100,stateful_ef__softmax__global__L4__none,0.015767506478795882,0.0846811694302454,0.010662813533972722,0.02149518433563058,0.07409996227938655,0.011967218814721441,0.03220412301292147,0.06108691614250725,0.013415066075158173,0.049215618165480805,0.05854544163738807,0.014554474725059366,0.07887548265895242,0.07047884354500855,0.015488380490943518
foursquare-nyc,lightccn_multi,,4,val-best-recall@20,160,stateful_ef__softmax__global__L4__ho_user,0.01659729032510537,0.08884903835106629,0.011423530671996557,0.022866002002598904,0.07714815325870632,0.012842071486081795,0.03423638816008444,0.06453764698653769,0.014335242933785231,0.05057937201208262,0.06079793206183929,0.015429619877937386,0.08074724346152187,0.07292527285193559,0.016376531402814615
foursquare-nyc,lightccn_multi,,4,val-best-recall@20,70,derived_ef__softplus__global__L4__none,0.01577547423813425,0.08854481453076568,0.011312272096751624,0.021597104857091324,0.07686487292778196,0.012629082921706317,0.033150508075650655,0.06392066668409968,0.014134036426719194,0.047084641675713856,0.058519085671792606,0.015083658618313657,0.07605989169233064,0.07023977402441718,0.01600880663026962
foursquare-nyc,lightccn_multi,,4,val-best-recall@20,110,derived_ef__softmax__global__L4__ho_user,0.0160416333073747,0.08519177232183393,0.011114505429344891,0.022683267954845644,0.07676604978901078,0.012610184945618101,0.03339041438355626,0.06331420612585528,0.01402373695562845,0.04880439988068068,0.05940062872138637,0.01507345839784794,0.08018585458478492,0.07202135873255629,0.016081618325307877
foursquare-nyc,lightgcn_cc,,3,test-frame,150,foursquare-nyc__lightgcn_cc__L3,0.015005394188929176,0.08051823349639119,0.010289632512478119,0.020580215678417325,0.07094502065132546,0.011536544838546136,0.03318503476101405,0.06179237846394598,0.013157951404877487,0.04844151842588224,0.05768472257978281,0.014204694502776281,0.07997707421947697,0.07038263841661514,0.0152225824747511
foursquare-nyc,lightgcn_cc,,4,test-frame,220,foursquare-nyc__lightgcn_cc__L4,0.015128974290997134,0.08179227423187918,0.010488030697710583,0.020822129380005536,0.07197987366172745,0.011751625024323852,0.03352106840985465,0.06289671772211435,0.013386156157396582,0.049973258507136055,0.059263375239314235,0.014532620992305033,0.08328438440888902,0.07263553102472929,0.015593278251817607
foursquare-nyc,mf,,,test-frame,80,mf__foursquare-nyc,0.008208939792448118,0.041288133811487264,,0.011339996747765556,0.037509693687649025,,0.016603305970684903,0.030995626830292732,,0.026715688407537772,0.030723701870699744,,0.04398269345926953,0.03792443256577111,
foursquare-nyc,mf,,,test-frame,90,mf__foursquare-nyc,0.007848363224476632,0.03928148855289364,,0.011089661868809515,0.03595201234784203,,0.01661419979508971,0.03022432063341226,,0.026254071748812887,0.02986511421997069,,0.04304990452631337,0.03684516398706736,
foursquare-nyc,mf,,3,val-best-recall@20,90,base__foursquare-nyc__mf__L3__val,0.008529914224110976,0.03971480224266535,0.00509347249612202,0.010175818355715219,0.03307620384595976,0.0054691963506245875,0.015121344847122287,0.02799429175685995,0.006096964471421741,0.02423531531383692,0.027778385984377242,0.006698130562839541,0.04193157585682844,0.035335157300539086,0.0072535281873215675
foursquare-nyc,mf,,3,test-frame,90,base__foursquare-nyc__mf__L3__tst,0.007848363224476632,0.03928148855289364,0.005162517569627722,0.011089661868809515,0.03595201234784203,0.005905756279065352,0.01661419979508971,0.03022432063341226,0.006616171848298842,0.026254071748812887,0.02986411894037795,0.007260857185310084,0.04304990452631337,0.03684355269423844,0.007786344004166982
foursquare-nyc,ngcf,,,test-frame,40,ngcf__foursquare-nyc,0.006844471754310994,0.04180408148970703,,0.009662416008293904,0.03642610485726888,,0.014980454360852071,0.030252609622723567,,0.02352333778721443,0.02865468629841843,,0.04198052427754594,0.0358853586361972,
foursquare-nyc,ngcf,,,val-best-recall@20,30,bt__foursquare-nyc__ngcf__lr5e-4_reg1e-4__val,0.011332625718040704,0.06169498832514915,0.007463888928469942,0.015439689301135295,0.05330089220259961,0.008399013944519442,0.023417191703139096,0.04453293647007035,0.00942398364651177,0.03311480641301724,0.04039878312822754,0.010081194548557625,0.051794934076657015,0.04774676893326392,0.010668252681389337
foursquare-nyc,ngcf,,,val-best-recall@20,30,bt__foursquare-nyc__ngcf__lr5e-4_reg1e-5__val,0.01139736417604689,0.061865189289012,0.007393970005304777,0.01525063069178907,0.053791805509885826,0.008266144146099967,0.023408972211459204,0.04462995142999363,0.009330484500098572,0.03343344594371286,0.040736755561527935,0.010030263257704179,0.05186588195919537,0.047857828750325716,0.010612163713579668
foursquare-nyc,ngcf,,,val-best-recall@20,20,bt__foursquare-nyc__ngcf__lr1e-4_reg1e-5__val,0.011203829279420515,0.06040532502943198,0.007229766392775073,0.015115007494707762,0.053234391156571415,0.008124146949171442,0.022789780054983715,0.04404581932455093,0.00911678829369765,0.03521433929720027,0.04134314882573835,0.009968762931448341,0.055645363278751074,0.04951455655183128,0.01060446338285621
foursquare-nyc,ngcf,,,val-best-recall@20,20,bt__foursquare-nyc__ngcf__lr1e-3_reg1e-5__val,0.010159646146034162,0.05853804741390738,0.006975518563593113,0.015494416849601754,0.05392946539230676,0.0082013553628496,0.021553886660191306,0.042723635780334765,0.008964097156795766,0.03169289870530517,0.03927303436466769,0.009639794748035913,0.05023130430400736,0.04656220371675073,0.010230222003096276
foursquare-nyc,ngcf,,,val-best-recall@20,20,bt__foursquare-nyc__ngcf__lr1e-4_reg1e-4__val,0.011189623725048756,0.060348591374811036,0.007249083794363943,0.015115007494707762,0.05332826205938304,0.008147321235146191,0.022789780054983715,0.044115669214103675,0.009141625009517861,0.03528536706905907,0.04143721458888457,0.00999793929847554,0.055579408919167905,0.0495369921126644,0.010628702234634932
foursquare-nyc,ngcf,,,val-best-recall@20,10,bt__foursquare-nyc__ngcf__lr1e-3_reg1e-4__val,0.009713693569677677,0.053054614863542175,0.006387166561603888,0.014009803487936377,0.04820768807897269,0.007360447827437042,0.021391800719568928,0.040499381429651746,0.008319552771407186,0.03168372292703783,0.03747422088176257,0.009038600284362576,0.047504986205101525,0.04374653625456638,0.009535213666090999
foursquare-nyc,ngcf,,,val-best-recall@20,140,bt2__foursquare-nyc__ngcf__lr5e-4_reg1e-4__val,0.011098704816249886,0.05662431391735977,0.007384151684115544,0.016824620822472908,0.05417789319953909,0.008684781870699324,0.025004175927996378,0.04572703079496002,0.009738571207807715,0.038490864105725685,0.04390583119484957,0.010622670261652154,0.06299849046244842,0.054013464674070595,0.01137623014475046
foursquare-nyc,ngcf,,,val-best-recall@20,80,bt2__foursquare-nyc__ngcf__lr1e-3_reg1e-4__val,0.011080747672281089,0.05602573225069192,0.007172694322838107,0.01638616961176423,0.05250724819819622,0.008343983606134473,0.023345214089742963,0.04364566766756006,0.009265856033062802,0.03692674332873991,0.04229307826754289,0.010175417731097664,0.06168782733994206,0.05245179316861548,0.010932927686653753
foursquare-nyc,ngcf,,,val-best-recall@20,80,bt2__foursquare-nyc__ngcf__lr1e-3_reg1e-5__val,0.011039148101647649,0.05672215866637248,0.0073232770253270196,0.016147601367655823,0.05238110825397974,0.008449029733878592,0.02316801113447786,0.043677204206637864,0.009388241363808041,0.0370193147394092,0.04250516313035187,0.010314284460145994,0.06123742179487604,0.05242032375312184,0.011055309567028812
foursquare-nyc,ngcf,,,val-best-recall@20,600,bt2__foursquare-nyc__ngcf__lr1e-4_reg1e-5__val,0.012399893414062477,0.06255133793109462,0.008140351586163079,0.017960446648137812,0.05799391510444352,0.00939785186176412,0.02557946368845345,0.048000608497974155,0.010403721132652408,0.03917774056220364,0.0460827530816725,0.011312044276772069,0.06384195286200386,0.05603431750755425,0.012093318691102974
foursquare-nyc,ngcf,,,val-best-recall@20,130,bt2__foursquare-nyc__ngcf__lr5e-4_reg1e-5__val,0.011148307804406617,0.05782106545103094,0.007588071769678516,0.016264958450978938,0.05454449454302916,0.008761141193483195,0.025225724899689266,0.04655932405468378,0.009941675231150467,0.038493745946822526,0.04447094114980177,0.010834803427382097,0.062884648551695,0.05445304156321421,0.011592705323387027
foursquare-nyc,ngcf,,,val-best-recall@20,600,bt2__foursquare-nyc__ngcf__lr1e-4_reg1e-4__val,0.012454343763316562,0.06243787062185273,0.008164162153365255,0.01784156891153155,0.0578044837753785,0.009387618836814658,0.025616398129820025,0.0480978144953216,0.010421961105823208,0.03896512230941918,0.04599043249748825,0.011315115985380266,0.06361541256906306,0.05597778450138171,0.012101628348249443
foursquare-nyc,ngcf,,,test-frame,120,ngcf__foursquare-nyc,0.007289460074358029,0.04171116972766103,,0.009970486006130113,0.03645549967902407,,0.015410592633369328,0.030626930862737566,,0.024091661029290362,0.02890377081126316,,0.04529980173672015,0.03799100423404486,
foursquare-nyc,ngcf,,,test-frame,50,ngcf__foursquare-nyc,0.004801836634206763,0.02899049432064792,,0.006869039715938924,0.02597896884918253,,0.012876699833482807,0.024103781014414075,,0.021072658314596093,0.02353722619507229,,0.03751192511932898,0.030474496411680364,
foursquare-nyc,ngcf,,3,val-best-recall@20,30,base__foursquare-nyc__ngcf__L3__val,0.010760795104820298,0.06042094758966116,0.007296504440577453,0.014427245701564761,0.05308056199594327,0.008132932376285906,0.022008208982207074,0.04404730709090869,0.009130511549053082,0.029482451872486173,0.03826328306703092,0.00964910790608122,0.046577097714550035,0.04451865718199259,0.01018183674553393
foursquare-nyc,ngcf,,3,test-frame,50,base__foursquare-nyc__ngcf__L3__tst,0.007494352284566404,0.04196400467997194,0.00529596889773843,0.010539024422748957,0.037437027597660356,0.00599236954056234,0.015867418154779708,0.03151685714154634,0.006718092438949912,0.02436582261295843,0.02984651709530149,0.007310639948922677,0.04191998028377906,0.037119218339638764,0.007843450386730122
foursquare-nyc,simgcl,,,test-frame,70,simgcl__foursquare-nyc,0.006353619556360082,0.0315336428046572,,0.009059187382802408,0.028758180090641915,,0.013616963679153247,0.024201582244223658,,0.018947325147701116,0.02268110112667812,,0.02951011287130107,0.026874896872098604,
foursquare-nyc,simgcl,,,test-frame,60,simgcl__foursquare-nyc,0.00712562242650794,0.037140820437862244,,0.010020152988294015,0.03276111739272002,,0.015468464013828597,0.027383979697377683,,0.021258416032980062,0.02559183305494515,,0.03220216660096311,0.029742728948407328,
foursquare-nyc,simgcl,,,val-best-recall@20,70,bt2__foursquare-nyc__simgcl__lam1__val,0.007314041741539145,0.03669722897449259,0.005085512966985893,0.009082450834117604,0.030641736551790623,0.005473534060053913,0.013017582889091418,0.024646174583142312,0.006003333739286073,0.01783620086747054,0.022663655777109555,0.006323733471020575,0.02750063297822589,0.026620658808870074,0.006623672143244302
foursquare-nyc,simgcl,,,val-best-recall@20,110,bt2__foursquare-nyc__simgcl__lam2__val,0.003561396499859887,0.019323570289232633,0.0026430329502396097,0.005211040290750758,0.017202652742199155,0.00301745356962248,0.007939058532590634,0.01474512759145761,0.0033729061170538776,0.01170150282029496,0.014041278810936045,0.003625731507694809,0.019471585159694372,0.01723278447517528,0.0038712883543418316
foursquare-nyc,simgcl,,,val-best-recall@20,50,bt2__foursquare-nyc__simgcl__lam05__val,0.0101063816788978,0.05178057412805419,0.006995405568875134,0.012617707860205905,0.042811631967810154,0.007571631247889304,0.017314989564589787,0.03383083970328057,0.008187868167008278,0.023245545441143628,0.03081383246571556,0.0085856853918316,0.039266403530069896,0.03728951674354696,0.009074656159681251
foursquare-nyc,simgcl,,,val-best-recall@20,30,bt2__foursquare-nyc__simgcl__lam01__val,0.014562622956322779,0.07998173027097552,0.010458967294739423,0.019072560247385132,0.06728312781387989,0.011502047523821696,0.027015004637095726,0.05376599171832084,0.012562484530969158,0.03701200612694821,0.04861985559730601,0.013240353259587114,0.05741046079712555,0.05654778796185621,0.013872987552332697
foursquare-nyc,simgcl,,,val-best-recall@20,40,bt2__foursquare-nyc__simgcl__lam02__val,0.012361314111161007,0.06413494727351447,0.008536431827199098,0.016728889127490612,0.0560345283446081,0.009541244530049984,0.022352664896459866,0.04432600992247755,0.010277211972563387,0.03150958143408374,0.04060537090387021,0.010895439336017835,0.04815869342890181,0.046934915030387485,0.011411578366982353
foursquare-nyc,simgcl,,3,test-frame,90,base__foursquare-nyc__simgcl__L3__tst,0.006486856336600089,0.03259102669525934,0.004334472938218564,0.00994049271134091,0.031190711713907443,0.005155855215037898,0.014635373278884811,0.026100597392596542,0.005760537199637453,0.021648281902329897,0.02490818064244381,0.006238372849215619,0.031783776600936814,0.028767760525115624,0.006568670284115964
foursquare-nyc,simgcl,,3,val-best-recall@20,60,base__foursquare-nyc__simgcl__L3__val,0.009250473686212162,0.048530721454766404,0.006599423248757832,0.01204201750837714,0.04133837300907977,0.00723385819263744,0.01743433541090766,0.03348078848375858,0.007969823770547585,0.022705224894209463,0.029976163603081918,0.008326159314004348,0.037803525119618105,0.036205456699797925,0.008799661972329032
foursquare-nyc__val,lightgcn_cc,,3,val-best-recall@20,70,foursquare-nyc__lightgcn_cc__L3,0.014731410444963278,0.08004874169919442,0.010125863899187756,0.020028676648315532,0.07049359234113892,0.011304558445781862,0.03027010418956562,0.05847511108250654,0.01260449156587505,0.04725422512015411,0.056032331955119474,0.013761938304764364,0.07893503167832236,0.06888535294611359,0.01474179486339018
foursquare-nyc__val,lightgcn_cc,,4,val-best-recall@20,100,foursquare-nyc__lightgcn_cc__L4,0.015110336448161631,0.08150860595877443,0.01037342889026455,0.020707303975886878,0.07237164213591875,0.011628979337274664,0.032196504493622775,0.06118206282173258,0.013117024790530663,0.048825073914786736,0.05784379608417654,0.014245464707458808,0.08124639361687248,0.07107726021393725,0.015261137684623819
foursquare-tky,LightCCN-full,,1,test-frame,160,dep__foursquare-tky__sef.sm.B__L1__tst,0.033320559171360696,0.19905174329213685,0.02365014681731119,0.043837337774759406,0.16718534707790694,0.026041841513827893,0.06262372519821419,0.1323716279120142,0.02856397564576639,0.08778893388890162,0.11793805574985311,0.03028374597016352,0.1349060416188836,0.13325591219264235,0.031756341624391886
foursquare-tky,LightCCN-full,,1,val-best-recall@20,190,dep__foursquare-tky__sef.sm.B__L1__val,0.031902321169064135,0.1876738572871263,0.0225228106580968,0.04281678786458305,0.16035140020700306,0.02499634329014478,0.062576318275341,0.1284236450416704,0.027603964477168272,0.08697018257179832,0.11497751943762229,0.02925522266318559,0.13268766799040072,0.13021768231871117,0.03068086377989131
foursquare-tky,LightCCN-full,,2,val-best-recall@20,130,dep__foursquare-tky__sef.sm.B__L2__val,0.03798287694574149,0.22550823574686552,0.026928533726674014,0.05052472162606445,0.1911078244126405,0.029777182598591835,0.07179369216596072,0.15211307442188626,0.032589943958717844,0.09925301611279369,0.13484238685722705,0.03445700078923133,0.14886165928206438,0.15000762749775443,0.03600498457285265
foursquare-tky,LightCCN-full,,2,test-frame,210,dep__foursquare-tky__sef.sm.B__L2__tst,0.03575609885629414,0.2134458943623164,0.025324349803394704,0.0482620969883904,0.18254357566412313,0.02817285494455789,0.06997579387788548,0.14584807469316616,0.031027545259523233,0.0973351545098078,0.12986194628724254,0.03289453131294709,0.14905639337652626,0.14653929905772187,0.03453193547463901
foursquare-tky,LightCCN-full,,4,val-best-recall@20,210,dep__foursquare-tky__sef.sm.B__L4__val,0.04030427579331496,0.23986335820409724,0.028462047170307796,0.05429011578897062,0.20555074214569855,0.03160949905183623,0.07643674063961645,0.16228389662923798,0.034496760177887116,0.10723033689531923,0.14468120915341165,0.03660251520578157,0.16111595478696358,0.16112840407881768,0.03830212144768193
foursquare-tky,LightCCN-full,,4,test-frame,270,dep__foursquare-tky__sef.sm.B__L4__tst,0.03961497762452756,0.2390278371332749,0.028257426962666216,0.05303820677051682,0.2032124082719681,0.03129102474386145,0.0763508154339039,0.16226263322950651,0.03436924143246757,0.10614755524546889,0.14367460321230568,0.03640049375038841,0.1593411322660576,0.15997155364341661,0.038081988731499934
foursquare-tky,LightCCN-full,,5,test-frame,260,dep__foursquare-tky__sef.sm.B__L5__tst,0.040746406663058225,0.24570831841045718,0.028979772199531795,0.054481923995562655,0.20965554036096037,0.0321013304837979,0.07788711123210844,0.16641482572120525,0.03517878444864878,0.1085054883768744,0.14713187788053694,0.03726982511597439,0.16249801158668928,0.16357479586868853,0.03898474411336421
foursquare-tky,LightCCN-full,,5,val-best-recall@20,130,dep__foursquare-tky__sef.sm.B__L5__val,0.039667972168819995,0.2359335148422104,0.028114786482126078,0.052652675989898874,0.20070614396937198,0.0310622604306433,0.07526899613316043,0.160035555165367,0.0340539872867772,0.10519754830769061,0.1426993866463479,0.03609980739690741,0.15970757381156483,0.15935704852286756,0.037794543344773314
foursquare-tky,LightCCN-full,,6,test-frame,260,dep__foursquare-tky__sef.sm.B__L6__tst,0.04120115251429695,0.24799605072263248,0.02922397739917059,0.055073094093242035,0.211921154095885,0.03238310507194763,0.0789803559471386,0.1684689310001426,0.03555894500844237,0.11039970242096377,0.14946500402180585,0.03773247705755543,0.16519571816140818,0.16601465910556737,0.03946163448682134
foursquare-tky,LightCCN-full,,6,val-best-recall@20,290,dep__foursquare-tky__sef.sm.B__L6__val,0.04165272797799951,0.24951874604912,0.029375181169612675,0.05491851357272648,0.21152733458869039,0.032352979136870276,0.07956943705216299,0.16887692270509416,0.03558062175544603,0.11220945559605872,0.15074005631831217,0.03781306021676421,0.16631378544870043,0.16660526381219953,0.03952546651969256
foursquare-tky,LightCCN-full,3,3,val-best-recall@20,160,tau__foursquare-tky__t3__sef.sm.B__L3__val,0.03769277923292544,0.2260321114017245,0.026908762912398496,0.05111224636361856,0.19431427071917054,0.029945331906516895,0.07315742373303005,0.15452084517175965,0.03286597280336147,0.10178242964138574,0.137438314273156,0.03483234617473264,0.15361332459490926,0.1534785865975832,0.03645523547294637
foursquare-tky,LightCCN-full,55,1,val-best-recall@20,90,dro__foursquare-tky__t55__sef.sm.B__L1__val,0.03499819723303711,0.20906265943070512,0.02450506370288251,0.04645674950421686,0.17705856865142994,0.02711346862749967,0.06552974825030522,0.1395649140619633,0.029660782027258054,0.08928800304749068,0.12216475731179195,0.03127289547774514,0.13414823835555525,0.13581058534558482,0.03267480407318811
foursquare-tky,LightCCN-full,55,2,val-best-recall@20,150,dro__foursquare-tky__t55__sef.sm.B__L2__val,0.03717976424008743,0.22163198379182952,0.026172348986335747,0.050036520091558366,0.18936201463978605,0.02910050679671712,0.07157951824962976,0.15067066709776175,0.031949041375055304,0.09806592157433722,0.13297344707711622,0.03377502224717407,0.1488155101769794,0.1486799507927202,0.03535205924727038
foursquare-tky,LightCCN-full,55,3,val-best-recall@20,280,dro__foursquare-tky__t55__sef.sm.B__L3__val,0.03912471513775092,0.23218638713966713,0.027480981165229942,0.052529832253456796,0.1981747913092696,0.030505639551817006,0.07453562660827497,0.15701238038929008,0.03340293891371426,0.10284084993651159,0.13892804245895649,0.035344222337456675,0.1563358495941637,0.15571581277028815,0.03702043478872269
foursquare-tky,LightCCN-full,55,4,val-best-recall@20,190,dro__foursquare-tky__t55__sef.sm.B__L4__val,0.03885192976151351,0.23243978138001825,0.027559332212265406,0.05245899336638016,0.19955459724743693,0.030634344571712865,0.07504526645777523,0.1591752036078855,0.03363114216066291,0.10566595448164855,0.1419973692489953,0.03572933029824991,0.1598916864716044,0.1586654114115907,0.03743022668173972
foursquare-tky,LightCCN-full,55,5,val-best-recall@20,270,dro__foursquare-tky__t55__sef.sm.B__L5__val,0.039587136578440735,0.2357459449182325,0.02794295849949254,0.05371417370622349,0.20304583806427043,0.031123914438665638,0.07696266995458384,0.16202523563649826,0.03417930267030352,0.10759768354702978,0.1444620453967214,0.03628226234284542,0.16300719897263688,0.16154920922542576,0.03802776494965434
foursquare-tky,LightCCN-full,55,6,val-best-recall@20,280,dro__foursquare-tky__t55__sef.sm.B__L6__val,0.03948515551511999,0.23635020768336773,0.028062696971364497,0.05380644742394509,0.2040097973737936,0.03128863162280497,0.07689643061948807,0.16269894956340417,0.034350274900998116,0.10897698331553107,0.14607882577948375,0.036562204502353784,0.1648553680668216,0.16309353505042914,0.038301414657286606
foursquare-tky,LightCCN-prop,55,3,val-best-recall@20,190,dro__foursquare-tky__t55__sef.sm__L3__val,0.03748805016743251,0.22386379481277327,0.02640517074992873,0.05104047059779985,0.1925821521997537,0.029470206384717663,0.07394616682475492,0.15463888061545153,0.03250503207384025,0.10262925540232903,0.13740327150331064,0.03446590730387588,0.1556854077314923,0.15394859380651935,0.03614149180848813
foursquare-tky,LightGCN,,1,val-best-recall@20,90,dro__foursquare-tky__lightgcn__L1__val,0.035264561228895215,0.21069020768651364,0.024660210499179807,0.04662354887301568,0.17796818791881333,0.02725797972872685,0.06631810720145967,0.1407581927365426,0.029889574883708626,0.09048691791452357,0.12349368996275667,0.03152481047881738,0.13697581104447773,0.13783348553587535,0.03297163240829102
foursquare-tky,LightGCN,,1,test-frame,150,dep__foursquare-tky__lightgcn__L1__tst,0.03546991526216702,0.21021273928949044,0.024890238439202673,0.04652268037439957,0.1772354667802429,0.027419669849492477,0.06394021408853443,0.13763208529891835,0.02972331123398659,0.08951743873324952,0.12207507259998142,0.03148949170736266,0.13508407370300907,0.13633347575749757,0.03289897130014701
foursquare-tky,LightGCN,,1,val-best-recall@20,90,dep__foursquare-tky__lightgcn__L1__val,0.035264561228895215,0.21069020768651364,0.024660210499179807,0.04662354887301568,0.17796818791881333,0.02725797972872685,0.06631810720145967,0.1407581927365426,0.029889574883708626,0.09048691791452357,0.12349368996275667,0.03152481047881738,0.13697581104447773,0.13783342900466383,0.032971623542827136
foursquare-tky,LightGCN,,2,val-best-recall@20,210,dro__foursquare-tky__lightgcn__L2__val,0.03756786831171906,0.22412437320213943,0.02626755241374675,0.05100972940804211,0.19175236782028288,0.029313303912004023,0.07234733866368644,0.1519555241030381,0.03213485103556865,0.10043461572204541,0.1347890051824738,0.03404062988730427,0.1511210834810724,0.15040428220309374,0.03561615900479138
foursquare-tky,LightGCN,,2,test-frame,190,lightgcn__L2,0.03718795809718393,0.22167819655379234,,0.05022364715585765,0.1899902255740679,,0.07139520889045473,0.15046181726222554,,0.09937375783577646,0.13341933779878482,,0.15025382466086248,0.14901345116884152,
foursquare-tky,LightGCN,,2,test-frame,190,dep__foursquare-tky__lightgcn__L2__tst,0.03718795809718393,0.22167819655379234,0.02585390412016821,0.05023454990335001,0.1900409633870561,0.028849549240142266,0.07139520889045473,0.15046184375343175,0.031627483322175416,0.09942221449129808,0.13344277832634882,0.033551950328323636,0.1502330575227818,0.14900321038409944,0.035152972416630235
foursquare-tky,LightGCN,,2,val-best-recall@20,210,dep__foursquare-tky__lightgcn__L2__val,0.03756786831171906,0.22412437320213943,0.02626755241374675,0.05100972940804211,0.19175236782028288,0.029313303912004023,0.07234733866368644,0.1519555241030381,0.03213485103556865,0.10043461572204541,0.1347890051824738,0.03404062988730427,0.1511210834810724,0.15040428220309374,0.03561615900479138
foursquare-tky,LightGCN,,3,val-best-recall@20,160,dro__foursquare-tky__lightgcn__L3__val,0.03738808977421292,0.2253280444677756,0.026538267819203012,0.05066867860703302,0.19316605700067513,0.02954435093340128,0.07259982277827648,0.1536778682339887,0.032461324461267434,0.10250589874458675,0.13744060321225549,0.03451480720892028,0.15664922965994899,0.15468264396348774,0.03622355207363797
foursquare-tky,LightGCN,,3,test-frame,330,lightgcn__L3,0.038475166215875954,0.22923594639087136,,0.05284513529320811,0.19821376964913265,,0.07651816818879495,0.1586328445109635,,0.10484946983631808,0.1402338099630191,,0.15830798349269656,0.1566954922876635,
foursquare-tky,LightGCN,,4,val-best-recall@20,190,dro__foursquare-tky__lightgcn__L4__val,0.03808447951799134,0.2291384721064384,0.026928705918693632,0.051794687994130756,0.19660450628085696,0.03004357942659164,0.07371409119198653,0.15670689350446249,0.032922899506360084,0.10573053413976231,0.14078167155129043,0.03510895626972895,0.16178061458646228,0.15861338583558077,0.03688002425968111
foursquare-tky,LightGCN,,4,val-best-recall@20,190,dep__foursquare-tky__lightgcn__L4__val,0.0381101330415028,0.22924080065550573,0.026937257093197452,0.051794687994130756,0.19661475998900965,0.0300457172202176,0.07371409119198653,0.15671354745944702,0.032925253731698044,0.10576687663140354,0.14080701874479115,0.035113312115990766,0.16180626810997373,0.1586315146404465,0.03688317473089227
foursquare-tky,LightGCN,,4,test-frame,370,dep__foursquare-tky__lightgcn__L4__tst,0.03841436273973811,0.23087572755620228,0.026888730357658694,0.05304140091444424,0.19967313654484928,0.030238427094149558,0.07779490747447325,0.16160931129619083,0.03347437580919511,0.10932223451628478,0.14412660911169844,0.035636342500362836,0.16206999076061132,0.16002784795976394,0.03730290160890313
foursquare-tky,LightGCN,,5,val-best-recall@20,260,dro__foursquare-tky__lightgcn__L5__val,0.038414498486347974,0.230383501869403,0.02709389738904182,0.05208316521129338,0.19828916958789916,0.030207906711693853,0.0748823209048971,0.15878339982769527,0.03320999840959757,0.10689478156950094,0.14245170364717355,0.035395172748679926,0.1646591494243058,0.1608956827867163,0.03721872901184657
foursquare-tky,LightGCN,,5,val-best-recall@20,260,dep__foursquare-tky__lightgcn__L5__val,0.038414498486347974,0.230383501869403,0.02709389738904182,0.05211431591841443,0.1983463894210925,0.03021413685311806,0.07489685790155359,0.15880960084807666,0.03321116506348446,0.10689478156950094,0.14245152337390402,0.035394986732801,0.1647001512097472,0.16091643323535618,0.0372194162101509
foursquare-tky,LightGCN,,5,test-frame,460,dep__foursquare-tky__lightgcn__L5__tst,0.03843755646548429,0.231206984526576,0.027073110754969754,0.05281879408140161,0.20065748582743947,0.030342192165139018,0.07860000784458697,0.163136817051724,0.03374685026488198,0.11143884357823251,0.14641627407922053,0.03596935271842145,0.16518575809626598,0.16226485856813933,0.03765742268270267
foursquare-tky,LightGCN,,6,val-best-recall@20,190,dro__foursquare-tky__lightgcn__L6__val,0.0385908433824841,0.23162600725211402,0.027241953707268663,0.051161599844013986,0.19638539804375862,0.0300907977261942,0.0741377036748713,0.15742188920193784,0.03309063058394942,0.10464918741278648,0.14053954137111574,0.03516976679108308,0.16297069308747206,0.15961886391491034,0.03702262040964009
foursquare-tky,LightGCN,,6,test-frame,360,dep__foursquare-tky__lightgcn__L6__tst,0.038394327411818675,0.23059301323217202,0.027018012680790803,0.05184750356354143,0.19826355461078218,0.030068401612657062,0.07696317208832602,0.16096101130538187,0.03338874750381082,0.10973639817086249,0.14475372664479816,0.03562254616623189,0.1670965628097493,0.16274587331219517,0.03744144347129693
foursquare-tky,LightGCN,,6,val-best-recall@20,190,dep__foursquare-tky__lightgcn__L6__val,0.038610666559742955,0.23172833580118138,0.027248561433021613,0.051161599844013986,0.19639565175191132,0.03009244965763244,0.0741377036748713,0.15742854315692234,0.033092282515387664,0.10464918741278648,0.140545441104788,0.0351718755809609,0.16296377070811185,0.15962255843712697,0.037024626705258176
foursquare-tky,arb,,,test-frame,288,arb__foursquare-tky__sslrec_k5,,,,0.0288,0.108,,0.0451,0.0904,,0.0674,0.0841,,,,
foursquare-tky,hccf,,,val-best-recall@20,120,hf__foursquare-tky__hccf__Axav_clw1e-2__val,0.030679291549628212,0.18026176140317754,0.021728859142133065,0.04080027012780226,0.1537313488066295,0.02399919836277089,0.05848029488141574,0.12301393964809407,0.02636059422295875,0.08269390348788477,0.1101214330730408,0.027984244898193938,0.1265385859114161,0.12454792994830861,0.029349977532259798
foursquare-tky,hccf,,,val-best-recall@20,310,hf__foursquare-tky__hccf__A__val,0.023741578872341115,0.1373089885833375,0.01518246490002352,0.033180872775298326,0.12128526029166067,0.017290123770653275,0.04815446019877711,0.09837968184406215,0.019295407724022176,0.06795542549302443,0.08761827138662298,0.02064983788910121,0.10221905680759057,0.09830655576120031,0.021732526581097075
foursquare-tky,hccf,,,val-best-recall@20,100,hf__foursquare-tky__hccf__Bxav__val,0.017938474890557728,0.10629392418254204,0.012058282004625847,0.025724402643165542,0.09475027446917518,0.013849186385115767,0.03927976098654301,0.07902967304618075,0.015618655770169059,0.05999512545689699,0.07358196752846155,0.01703848800573986,0.09820659210698057,0.08757356392501532,0.018239450862446018
foursquare-tky,hccf,,,val-best-recall@20,310,hf__foursquare-tky__hccf__A_clw1e-2__val,0.0235108134953443,0.13561328612677512,0.015043778049595507,0.03344626940457287,0.12065728788088373,0.017260504575637357,0.048011589476879946,0.09774101396430518,0.019195454515049747,0.06808735937410873,0.08747525377483899,0.020562193450512807,0.10210483662803062,0.09798078655654877,0.021633258971998613
foursquare-tky,hccf,,,test-frame,340,hf__foursquare-tky__hccf__A__tst,0.021953268071390364,0.129305614813168,0.015433532843923795,0.029397886131479225,0.11131356601536889,0.017126352079614722,0.041902332437529145,0.08848672821994787,0.018771215942296405,0.05828887548347822,0.0786639661927924,0.019891290029259455,0.09086220054164407,0.0893871618731786,0.020893330116645206
foursquare-tky,hccf,,,val-best-recall@20,280,hf__foursquare-tky__hccf__A_hyp250__val,0.030142846379373655,0.1770705223011992,0.02033204678146954,0.04062523366599139,0.15190755864698535,0.02271703396752107,0.054143798678988476,0.11645975163603837,0.024509058673863642,0.0715766115075743,0.10057107664054969,0.025697100990048023,0.10520290166478348,0.11002667844978532,0.026743545822359487
foursquare-tky,hccf,,,val-best-recall@20,50,hf__foursquare-tky__hccf__Axav_clw1e-4__val,0.03138789523399145,0.18849481556404557,0.021807644991854933,0.04157307278160357,0.15973751399749767,0.024129662685031465,0.056342587870789634,0.12339442027336857,0.026073654922202493,0.07768564379590528,0.1080542803547447,0.02752482086528903,0.11696091359907607,0.11980596202987223,0.028746091019657635
foursquare-tky,hccf,,,val-best-recall@20,10,hf__foursquare-tky__hccf__B__val,0.00013238291253611984,0.0007162998434712811,6.839810149505062e-05,0.00019998541202513893,0.0007087944910535438,8.52987263673054e-05,0.00022563893553659322,0.000488853248410956,8.814911786857808e-05,0.0004661467038637974,0.0005620202515773423,0.00010406879002942921,0.0011173753969960245,0.0008335716914291955,0.00012311748943815687
foursquare-tky,hccf,,,val-best-recall@20,340,hf__foursquare-tky__hccf__A_hyp50__val,0.026405251756007747,0.15795003541125827,0.018794408262125965,0.0349352059903331,0.1340358837368298,0.02073228433054685,0.04989155149479779,0.10656493999816029,0.02271434573703043,0.06914255219402046,0.09416497227557499,0.024021621667589463,0.10325021383158357,0.10449922807384054,0.025094596032600742
foursquare-tky,hccf,,,val-best-recall@20,60,hf__foursquare-tky__hccf__Axav_kr0.75__val,0.027755056912297436,0.16192376165072725,0.01929181358572958,0.03628341093195931,0.136393263421731,0.021222441235770356,0.050693530934594194,0.10782394699704845,0.023132365182124776,0.0693338898670636,0.09504630541910226,0.024396628254393166,0.10816374060718406,0.1077771905549256,0.02560202204147998
foursquare-tky,hccf,,,val-best-recall@20,310,hf__foursquare-tky__hccf__A_clw1e-4__val,0.023779655999974975,0.13749170424268112,0.015084589627857617,0.03332240086574981,0.12109627706360687,0.0172113179394259,0.04861804959945922,0.0985823432768296,0.01924145337303285,0.06803615427877602,0.08752267619302355,0.0205642228220162,0.10217489900419255,0.09815665012670559,0.021644331787862202
foursquare-tky,hccf,,,test-frame,190,hf__foursquare-tky__hccf__B__tst,0.0001990863348927129,0.0013570668413006557,0.00015444238253303576,0.00031703824987394983,0.0013500353470439308,0.00018191133396494352,0.0006658958602909257,0.0014386415129005615,0.00022898229156549828,0.0015169326313734018,0.0016111710227578759,0.00028526646782557814,0.0031488119414166287,0.0023423895926737532,0.00033585090770781766
foursquare-tky,hccf,,,val-best-recall@20,300,hf__foursquare-tky__hccf__A_kr0.75__val,0.02206348609087072,0.12975628750676577,0.014923452329135813,0.030510218067930864,0.11275683511120288,0.016836867817956565,0.04447859902959811,0.09108726079495505,0.018674249891829243,0.06158338724020598,0.08089815803189457,0.019841757697686424,0.09392303018950299,0.09117974213849413,0.020841248328945957
foursquare-tky,hccf,,,val-best-recall@20,190,hf__foursquare-tky__hccf__Axav_kr0.25__val,0.03434703183186492,0.20719161995968716,0.02448455739759174,0.046384715493746544,0.17733901825394072,0.027225947537364955,0.06413371192108226,0.13823522596469823,0.029581242953657494,0.08820978792266417,0.12181593713585287,0.03123018922678866,0.13472284858863565,0.13633817906632759,0.032688684804985456
foursquare-tky,hccf,,,val-best-recall@20,70,hf__foursquare-tky__hccf__Axav__val,0.032122007052945205,0.19264407331384312,0.02260292194911084,0.04215527133727013,0.1624203744797052,0.024892522987430086,0.05811181274974322,0.12648562514026224,0.02699872886502183,0.07824059555144926,0.11015497823496265,0.028379678735908444,0.12037044789476797,0.12324758238712621,0.029689448702477497
foursquare-tky,hccf,,,val-best-recall@20,90,hf__foursquare-tky__hccf__Axav_hyp250__val,0.02988736318907777,0.17553803420455638,0.02096734151010586,0.038297551421974566,0.14552767982071455,0.022873412301620714,0.05373479167146729,0.11478930930851164,0.024943603553051624,0.07272684778317029,0.10076392051487248,0.02622951074825875,0.11274113910133324,0.11359595033398433,0.027489655885505723
foursquare-tky,hccf,,,val-best-recall@20,240,hf__foursquare-tky__hccf__A_kr0.25__val,0.0076049213478692115,0.04254615148559761,0.004069100288577158,0.01302942565233271,0.0437450745409372,0.0052868994927713145,0.025864769237908702,0.04505193458342143,0.006933928787396257,0.04306473616941334,0.04533696232046878,0.008131687801774245,0.07462241537763036,0.057245752344654594,0.009111279719881906
foursquare-tky,hccf,,,val-best-recall@20,360,hf__foursquare-tky__hccf__A_L3__val,0.011303996651212666,0.06754849180633854,0.007946584736222494,0.015622533072077569,0.058641447737363114,0.008909102941848832,0.024717601253618122,0.04892379576261103,0.010120930514990092,0.034948161221591424,0.04410006359818626,0.010830084333672019,0.05528545464769252,0.05136009724035568,0.011466369028215231
foursquare-tky,hccf,,,val-best-recall@20,80,hf__foursquare-tky__hccf__Axav_hyp50__val,0.03201358524133061,0.19335551889268004,0.022802063894341543,0.042557899393589935,0.16336908186731225,0.025205309435884178,0.05939584786096682,0.1283058916317081,0.027418078239157862,0.08206114227409847,0.11298854629169909,0.028957761669374204,0.1263293967575936,0.12733364246886175,0.03034955336054119
foursquare-tky,lightccn_multi,,2,test-frame,210,derived_ef__softmax__global__L2__ho_item,0.03527948992030814,0.20431418767627965,,0.047321391337061966,0.17601684724231478,,0.06894990411137417,0.1417330245873784,,0.0970944464261779,0.12746247643514974,,0.1498311959837,0.14483113015769208,
foursquare-tky,lightccn_multi,,2,test-frame,100,stateful_e__softplus__global__L2__none,0.035752162000422874,0.21236901746479228,,0.046789337711581974,0.17881167692946165,,0.06524933016353711,0.14082908313253767,,0.08903460198635307,0.124035562340573,,0.13278460640141998,0.13681427845617739,
foursquare-tky,lightccn_multi,,2,test-frame,90,stateful_e__softplus__global__L2__ho_user,0.0354073994429586,0.21127505339311148,,0.046997279194400686,0.17877366253602242,,0.06584762496874806,0.14102491234544462,,0.09002213546787453,0.12401959596517309,,0.13516816747584126,0.1376047417652242,
foursquare-tky,lightccn_multi,,2,test-frame,100,derived_ef__softplus__global__L2__ho_user,0.035297042854670974,0.2112043748121039,,0.04738038834825876,0.18031770941697609,,0.0664789209097804,0.1420715887143087,,0.09003542218821067,0.12472867991197588,,0.13496564273192851,0.13819712143245466,
foursquare-tky,lightccn_multi,,2,test-frame,210,stateful_ef__softmax__global__L2__ho_user,0.03575609885629414,0.2134458943623164,,0.0482620969883904,0.18255005768432828,,0.06997579387788548,0.14585585321932606,,0.09730160759444667,0.12985157104572173,,0.14903458788154153,0.14653663549967907,
foursquare-tky,lightccn_multi,,2,test-frame,210,derived_ef__softmax__global__L2__ho_user,0.03554826406320848,0.2123884345233297,,0.04830776021350393,0.18212912235834783,,0.06983314491145069,0.14528360900593001,,0.09732377628118749,0.1296727234208541,,0.14886114953063156,0.14628626897621033,
foursquare-tky,lightccn_multi,,2,test-frame,80,derived_e__softplus__global__L2__ho_item,0.030961950147825372,0.1811564801148772,,0.04282424785464869,0.15741976195659202,,0.06200214561999016,0.12669237077232698,,0.08634461378312062,0.11363168941246322,,0.1321839151428631,0.12840095082433314,
foursquare-tky,lightccn_multi,,2,test-frame,260,derived_e__softmax__global__L2__ho_item,0.03719145447228862,0.22019705422050623,,0.04992044435124865,0.18804269366652412,,0.07041015606555186,0.14873117912365375,,0.09890644446134816,0.13296791260498578,,0.15089036256012486,0.1496992675481038,
foursquare-tky,lightccn_multi,,2,test-frame,290,derived_e__softmax__global__L2__none,0.038003502362633654,0.22618803135764268,,0.05037335982840853,0.19141349786211953,,0.07105123878885533,0.15123882646666334,,0.09860294183272368,0.1340131882270149,,0.14964493119449124,0.14994565688906814,
foursquare-tky,lightccn_multi,,2,test-frame,140,stateful_e__softmax__global__L2__ho_user,0.03828953697537891,0.22575425134232863,,0.05049688259881511,0.1918002747733575,,0.07055326932825537,0.1507324761060164,,0.09719498672633523,0.13287203710394846,,0.14724224684050646,0.14818195258000424,
foursquare-tky,lightccn_multi,,2,test-frame,240,derived_ef__softmax__global__L2__none,0.03801841024378997,0.22580551286479877,,0.05010811814506224,0.1905979412955273,,0.07146479533497871,0.15155921003777295,,0.09855619125259471,0.13386971938902079,,0.1496874082900513,0.14962793583383244,
foursquare-tky,lightccn_multi,,2,test-frame,260,stateful_e__softmax__global__L2__ho_item,0.03714882473624395,0.22034811991179004,,0.0498626475900674,0.18793483921481396,,0.07022275506850409,0.14860820825379628,,0.09888281662214425,0.13294416526711894,,0.15048898418570064,0.14952493647615997,
foursquare-tky,lightccn_multi,,2,test-frame,110,derived_e__softplus__global__L2__none,0.0353172127193508,0.21158436892469415,,0.04636593207804089,0.17810203821515588,,0.06578384027458459,0.1404666850798605,,0.08983631390193308,0.12406391539463539,,0.1326587473689027,0.136378023124288,
foursquare-tky,lightccn_multi,,2,test-frame,270,stateful_ef__softmax__global__L2__none,0.03812926673760753,0.22631230134550107,,0.05027757541316694,0.19148463036768046,,0.07108916352347634,0.15119074511896402,,0.0983231041525524,0.13370254933248923,,0.14876549748020934,0.14931643339627418,
foursquare-tky,lightccn_multi,,2,test-frame,260,stateful_e__softmax__global__L2__none,0.03807291380139852,0.2262513312937622,,0.05024431081481815,0.19078521944520596,,0.07171793597523504,0.151098545749478,,0.09769393418718403,0.1330533736388265,,0.14898954253197086,0.14910824523557545,
foursquare-tky,lightccn_multi,,2,test-frame,210,derived_e__softmax__global__L2__ho_user,0.037067889821765655,0.22007278423264787,,0.04955963104176527,0.1869914593010657,,0.07049277425440911,0.1485652093103085,,0.09838179759744627,0.13203516142196203,,0.148857343186717,0.14790631947397692,
foursquare-tky,lightccn_multi,,2,test-frame,100,derived_ef__softplus__global__L2__none,0.03618285415418984,0.21517810105157292,,0.047336717086187086,0.1808953788832873,,0.06700142081429483,0.14319034851216433,,0.09080086955478688,0.1257251672532356,,0.1362663674338576,0.13911924502774978,
foursquare-tky,lightccn_multi,,2,test-frame,80,stateful_e__softplus__global__L2__ho_item,0.033404122880897474,0.19682478653582747,,0.04441946981006369,0.1667879076781528,,0.06302174873227122,0.13191640511639818,,0.08739916709168487,0.11759411694746522,,0.1319730281775611,0.131505040222195,
foursquare-tky,lightccn_multi,,2,test-frame,80,stateful_ef__softplus__global__L2__none,0.03517016424303145,0.20864616108542078,,0.04596037009546294,0.17571883778348038,,0.06446554659147852,0.13806307415191227,,0.08747606505656468,0.12137678457139499,,0.1317361900589981,0.13473798632576536,
foursquare-tky,lightccn_multi,,2,test-frame,100,derived_e__softplus__global__L2__ho_user,0.035936577006594965,0.2142742312841237,,0.04721791490082802,0.18081252022380004,,0.06639405546542373,0.14279805978517965,,0.09026429688562716,0.12522893600257265,,0.1365085336170345,0.13916190105734835,
foursquare-tky,lightccn_multi,,2,test-frame,190,stateful_ef__softmax__global__L2__ho_item,0.035635730706605716,0.20683337279001499,,0.0474600029821924,0.177057274599268,,0.0680085010915868,0.1423044399095977,,0.0968010310078099,0.12794165349405587,,0.1486774861618602,0.14480038286099373,
foursquare-tky,lightccn_multi,,2,test-frame,80,derived_ef__softplus__global__L2__ho_item,0.028204493242654734,0.16146571031224147,,0.03906178297539232,0.14054010467584224,,0.057947507070212734,0.11525785275237063,,0.08270212071626085,0.1054436025325689,,0.12996481445253388,0.1214934746865253,
foursquare-tky,lightccn_multi,,3,test-frame,260,stateful_e__softmax__global__L3__ho_user,0.03868918797159862,0.23308792702273567,,0.051935053966328464,0.1977045775089719,,0.0743116485422545,0.15693181300057243,,0.1032527585159146,0.13937380980538214,,0.15560503482163004,0.15553105956874724,
foursquare-tky,lightccn_multi,,3,test-frame,90,stateful_e__softplus__global__L3__ho_user,0.03581336764646136,0.21129699483190253,,0.04725472735282677,0.17879934363001862,,0.06767560232846344,0.14203853806468159,,0.09366493740155142,0.12622047731769842,,0.1377468151717878,0.13945947670950956,
foursquare-tky,lightccn_multi,,3,test-frame,90,derived_ef__softplus__global__L3__ho_user,0.03647590360571933,0.21839164456998847,,0.04849992543488308,0.18563021445898475,,0.06862751710482098,0.14626487148327288,,0.09454545111320004,0.1292454728446909,,0.14082667682670852,0.14316625998448188,
foursquare-tky,lightccn_multi,,3,test-frame,460,derived_ef__softmax__global__L3__ho_item,0.039562828080681914,0.2310265987516131,,0.05268203352711087,0.19822033275884834,,0.07468987950190722,0.15748998322736135,,0.10622385638624521,0.14132997087603671,,0.1597034064452739,0.1584179023191374,
foursquare-tky,lightccn_multi,,3,test-frame,270,derived_e__softmax__global__L3__ho_user,0.03826871880775892,0.23118018882315058,,0.05096660058568625,0.19557872764192916,,0.07456394662881262,0.15699019251409838,,0.1028907411682331,0.13873920354322816,,0.15496598919850366,0.1548079843017606,
foursquare-tky,lightccn_multi,,3,test-frame,90,derived_e__softplus__global__L3__ho_user,0.036568463893477184,0.21932483442111678,,0.04868261547028755,0.1862525196666108,,0.06895805133417574,0.14679395124709652,,0.0954665059345853,0.1299790193544428,,0.1400244229730463,0.14304538482205953,
foursquare-tky,lightccn_multi,,3,test-frame,460,derived_e__softmax__global__L3__ho_item,0.040352069030429975,0.23940783124586515,,0.05329259925885341,0.2032226687273758,,0.07530338296312242,0.16085104216289514,,0.10689456953618913,0.14396633061531236,,0.1606051687231293,0.16066197240719557,
foursquare-tky,lightccn_multi,,3,test-frame,260,stateful_ef__softmax__global__L3__ho_item,0.03704281535591106,0.21456645964154963,,0.05038450777125766,0.185654625474673,,0.0729966290647166,0.14966267184791276,,0.10350611659126639,0.13511786371465007,,0.1569786873568579,0.15262028870237254,
foursquare-tky,lightccn_multi,,3,test-frame,240,derived_ef__softmax__global__L3__ho_user,0.03779735582758439,0.22813965243480985,,0.05168222239557007,0.19629742253191917,,0.07322849804079773,0.1553809969827833,,0.10324626526001739,0.13873244458270179,,0.15469699957537253,0.15449675988554626,
foursquare-tky,lightccn_multi,,3,test-frame,90,stateful_e__softplus__global__L3__ho_item,0.03164820995198506,0.18892374131472528,,0.04297562794766718,0.16227997731741522,,0.06426762104666188,0.13155517227986693,,0.08929813769166307,0.11789842205231325,,0.13499257316846786,0.1322124288654121,
foursquare-tky,lightccn_multi,,3,test-frame,100,derived_e__softplus__global__L3__none,0.036884303395901985,0.22016773413682716,,0.048475891951790584,0.18631975816116295,,0.068519062153723,0.14690303523816511,,0.09463852809849248,0.12997427056833985,,0.13995432116903414,0.14326876407886072,
foursquare-tky,lightccn_multi,,3,test-frame,90,derived_ef__softplus__global__L3__none,0.03666119042174439,0.21966579992075924,,0.048540379326234805,0.18588604774811854,,0.06883275173092022,0.14678255428231057,,0.09468783041404209,0.1294051647346744,,0.14025505249575707,0.14282750508487504,
foursquare-tky,lightccn_multi,,3,test-frame,80,derived_ef__softplus__global__L3__ho_item,0.03105900562464539,0.18167783138948254,,0.04333029732655383,0.15872976322556878,,0.06263917773460116,0.1269705709310024,,0.08867471976184368,0.11493552872265733,,0.13696895957341695,0.13077104444634233,
foursquare-tky,lightccn_multi,,3,test-frame,260,stateful_ef__softmax__global__L3__none,0.038274381338072525,0.2278155796134512,,0.05176295614520524,0.19527249697082527,,0.07400892879406974,0.15495149601702665,,0.10346809909712593,0.13821069705002575,,0.15569786857007623,0.15442897783491924,
foursquare-tky,lightccn_multi,,3,test-frame,360,derived_ef__softmax__global__L3__none,0.038736750853022014,0.23011302045489518,,0.052355525215377556,0.19675657587408044,,0.075045002164167,0.15690407070695012,,0.10474360857961912,0.13948831910073192,,0.15777042026169427,0.15574354611537977,
foursquare-tky,lightccn_multi,,3,test-frame,80,derived_e__softplus__global__L3__ho_item,0.03253978058089892,0.1916937962885581,,0.0438941020784099,0.16438600836898343,,0.0632662063313521,0.13117249375564788,,0.09039222552181997,0.11882267612574753,,0.13774190682844564,0.1337355588369912,
foursquare-tky,lightccn_multi,,3,test-frame,260,stateful_ef__softmax__global__L3__ho_user,0.03745712995588655,0.22608337292419464,,0.050962985826777926,0.19380315783203259,,0.07296368339842424,0.15383261637030785,,0.10296369750865,0.13766262830561904,,0.15319209903503048,0.15321375090197728,
foursquare-tky,lightccn_multi,,3,test-frame,270,stateful_e__softmax__global__L3__ho_item,0.038710729699974335,0.2300813704868354,,0.05162440927429991,0.19562760171051885,,0.07427126136713971,0.15619558147941945,,0.10393056068480065,0.13926907791461182,,0.15819639477684444,0.15673466554126816,
foursquare-tky,lightccn_multi,,3,test-frame,90,stateful_e__softplus__global__L3__none,0.03633667719052123,0.2160674080251191,,0.04778389807865692,0.18175188614008378,,0.0683167584592004,0.14414171429145145,,0.09365345324183635,0.12725333172331915,,0.13747991710403942,0.1401833480798395,
foursquare-tky,lightccn_multi,,3,test-frame,260,derived_e__softmax__global__L3__none,0.038197721377471995,0.22779363817466014,,0.051874753744205374,0.19517100457448408,,0.07419894355403024,0.15513798344404628,,0.10354804139732753,0.13836945266207576,,0.15583031207427117,0.15456506597239597,
foursquare-tky,lightccn_multi,,3,test-frame,250,stateful_e__softmax__global__L3__none,0.0380745641163046,0.2259029871492318,,0.05176543537877255,0.19416210511116366,,0.07409574211773544,0.15491124411237175,,0.10319370857467855,0.1379297629366599,,0.155637790375415,0.15431773622163056,
foursquare-tky,mf,,,val-best-recall@20,20,bt__foursquare-tky__mf__std__val,0.03015463888953599,0.17803788650064095,0.02075526906372733,0.04009233586194723,0.15063906163862054,0.023025396591069627,0.056065358252175714,0.11871608044042736,0.025121170958112792,0.07455939016895759,0.10306059972284969,0.026371479284848263,0.11393080750663748,0.11541580009270437,0.027599280591871177
foursquare-tky,ngcf,,,val-best-recall@20,10,bt__foursquare-tky__ngcf__lr1e-3_reg1e-5__val,0.03095420372324193,0.18982994096655517,0.021666631116366294,0.04114697436629193,0.16089149467095906,0.023976568437439016,0.057477686532805224,0.12528267261728213,0.026120125553204254,0.07931237813818551,0.10962843740550836,0.027606276727732512,0.11882200337382444,0.12126970811847337,0.02883835540962179
foursquare-tky,ngcf,,,val-best-recall@20,10,bt__foursquare-tky__ngcf__lr1e-3_reg1e-4__val,0.03130914878061525,0.19012954796886916,0.021663933404093543,0.041043963656672997,0.16027397668583535,0.023894749054053435,0.058160305133380115,0.12609404955527853,0.026188362221607236,0.07964693197234526,0.10992209914904275,0.027643364803449092,0.11927622432108002,0.12153723520805686,0.028881302952761367
foursquare-tky,ngcf,,,val-best-recall@20,30,bt__foursquare-tky__ngcf__lr5e-4_reg1e-5__val,0.031685801789206935,0.19595742100107238,0.02243280144188653,0.041626538872031105,0.16495155398474629,0.024705823741414296,0.057910180368949765,0.12766892926943615,0.026867606259913326,0.07909619914971647,0.11082358086519777,0.028311654957818295,0.11841868749715333,0.12228246845871911,0.029543059350646023
foursquare-tky,ngcf,,,val-best-recall@20,10,bt__foursquare-tky__ngcf__lr1e-4_reg1e-5__val,0.018902630979620576,0.11883140407973367,0.011863245298672031,0.029194679766329158,0.11036997856979329,0.014209524851312424,0.04744870847860346,0.09396342356555927,0.016641613972789022,0.06938319151715602,0.08478053383241113,0.018145688639900057,0.11231448074495586,0.09878821787594713,0.01947900567559434
foursquare-tky,ngcf,,,val-best-recall@20,10,bt__foursquare-tky__ngcf__lr1e-4_reg1e-4__val,0.018884879070241976,0.11885819978315908,0.011865912059182356,0.029062227672332297,0.11013453712309765,0.014182189295704244,0.04750047121321506,0.09405974848753054,0.01664048172584141,0.06930785650676918,0.08471943323583929,0.01813426386500316,0.11237712370491221,0.09879488390115924,0.019472405561534394
foursquare-tky,ngcf,,,val-best-recall@20,30,bt__foursquare-tky__ngcf__lr5e-4_reg1e-4__val,0.031980833926003246,0.19713915082791744,0.022786106515660407,0.04161187709816842,0.1651651847800853,0.024965127914994983,0.05745463110021476,0.12764840050475554,0.027072601362662582,0.07915297856941349,0.11118498121478051,0.02855648241236271,0.11815225241835967,0.12241094791956424,0.02976670202589219
foursquare-tky,ngcf,,,val-best-recall@20,430,bt2__foursquare-tky__ngcf__lr1e-4_reg1e-5__val,0.035762409524061206,0.21139194473608186,0.025030609814949676,0.0470362526263453,0.1793008217624366,0.027612849305302018,0.06685938519026509,0.14219857527440738,0.030229881949757335,0.09394013937396625,0.1268462465887972,0.032093141124213305,0.14226679187032634,0.14168934646068793,0.033588473463226666
foursquare-tky,ngcf,,,val-best-recall@20,80,bt2__foursquare-tky__ngcf__lr5e-4_reg1e-5__val,0.03367406454962097,0.19939756305641365,0.02355430094364163,0.045123622997797125,0.17005894691282633,0.026161740085875365,0.06337113438110079,0.1345243311626378,0.028582924075709188,0.09048786324369675,0.12088514019011826,0.030432669193811344,0.13791633996703628,0.13605669843229073,0.031906478792707575
foursquare-tky,ngcf,,,val-best-recall@20,90,bt2__foursquare-tky__ngcf__lr5e-4_reg1e-4__val,0.034083513485166785,0.20042570281172128,0.023677096216796284,0.045474445137921995,0.17039923530472076,0.026238676585565272,0.06383213697778113,0.13455469724495964,0.028645873116420327,0.0900448915467828,0.12067905398254894,0.03044441928279359,0.13732594331801293,0.13554365975298752,0.03190556926898347
foursquare-tky,ngcf,,,val-best-recall@20,40,bt2__foursquare-tky__ngcf__lr1e-3_reg1e-4__val,0.03351091590698391,0.19574790963830338,0.022950684033567703,0.044341171141234884,0.16609179837583546,0.02541829757477003,0.06237600020916215,0.13157268125466293,0.02782014352664217,0.08905050579197515,0.11824342580432301,0.029643832422713005,0.1354158340338498,0.1328102870245583,0.031078916040250905
foursquare-tky,ngcf,,,val-best-recall@20,40,bt2__foursquare-tky__ngcf__lr1e-3_reg1e-5__val,0.03363715961023822,0.1972389549967311,0.02300819059992092,0.044754991849982585,0.16791975632910874,0.02553767332345765,0.06266677373987732,0.13238931889633807,0.02791938730642174,0.08878863297114034,0.11857006664662578,0.029709768024378955,0.13544306300432257,0.13309521092796436,0.03116287926327072
foursquare-tky,ngcf,,,val-best-recall@20,410,bt2__foursquare-tky__ngcf__lr1e-4_reg1e-4__val,0.035413646609667664,0.20935508228400404,0.02484644163470653,0.04735690614228327,0.17923915621759395,0.027580251868168284,0.06750523386294992,0.14232640936517488,0.03023006265580112,0.09392195232390671,0.12662210478670516,0.032025043141368746,0.1420305536150163,0.14149804674923058,0.03351454374282105
foursquare-tky,simgcl,,,val-best-recall@20,20,bt2__foursquare-tky__simgcl__lam01__val,0.03800754772103635,0.22520357998404425,0.02642368847413176,0.05227488925512666,0.19563854233801797,0.02968262648551168,0.07558817637322209,0.15742472719830625,0.032733538901406754,0.10739915971813536,0.1412504735228935,0.034906481956419384,0.1594581708537997,0.15721669677033426,0.03655708219000471
foursquare-tky,simgcl,,,val-best-recall@20,50,bt2__foursquare-tky__simgcl__lam05__val,0.022907523356592026,0.1356035775975064,0.01584675767459695,0.032551532491350045,0.11978789795033715,0.018050906950978732,0.04817566178761249,0.09797737382525763,0.02012614756368632,0.06779859641688346,0.08762966259622465,0.02148387146556357,0.1007875497498054,0.0977543724467364,0.02253596681872808
foursquare-tky,simgcl,,,val-best-recall@20,100,bt2__foursquare-tky__simgcl__lam2__val,0.01335460033835573,0.07859492634510241,0.00928163715041906,0.019188587123745264,0.06939724511557481,0.010601240810891583,0.027877722260232454,0.056396176561828805,0.011720987253353635,0.0389058525036597,0.05058459280555661,0.012468872802153898,0.05702679337963795,0.05577991448398861,0.013058037916170691
foursquare-tky,simgcl,,,val-best-recall@20,30,bt2__foursquare-tky__simgcl__lam02__val,0.031512282041167385,0.18458924352533052,0.021651436174990213,0.04273079248899755,0.1601134364074298,0.024212562300150852,0.0643547797281273,0.13166306671327455,0.02709176259612549,0.09256368592834725,0.1190445995664872,0.02902871036954072,0.13660121782348486,0.1325908150787871,0.030431806914904904
foursquare-tky,simgcl,,,val-best-recall@20,70,bt2__foursquare-tky__simgcl__lam1__val,0.01854245439936654,0.10614538287151189,0.01261263961630168,0.025907654524420065,0.09343587238072841,0.014259557127935673,0.037060199971035476,0.07559965498962778,0.015728818348090125,0.05163085957546567,0.06751192976916982,0.016738066203672033,0.07596417011781625,0.07459411547058224,0.017514999979817654
foursquare-tky,simgcl,,3,test-frame,90,b2__foursquare-tky__simgcl__L3__tst,0.020088470835680654,0.11403924394359902,0.013555469299600859,0.02808833731865744,0.10126935090781347,0.015348201268954705,0.04254575667673764,0.08388040276159398,0.017232096665764602,0.05995309631966877,0.07606237761038,0.018432115538270396,0.09072685211499397,0.08577484760024051,0.019396588488877743
foursquare-tky,simgcl,,3,val-best-recall@20,50,b2__foursquare-tky__simgcl__L3__val,0.022584609148349564,0.13486533631524406,0.015848275198282864,0.032502826087491936,0.12029727239651314,0.01811797204326993,0.04779953090783964,0.0978655130193232,0.02016672225347666,0.06786048807500497,0.08774058674794442,0.021562995666732632,0.10053343494997088,0.09774984300515357,0.02260529448963683
gowalla,LightCCN-full,,1,test-frame,170,dep__gowalla__sef.sm.B__L1__tst,0.060117796682290045,0.1322512730993799,0.04339591366272933,0.0788140297162882,0.12186598240093714,0.0476321220583988,0.11347039729597434,0.12326528646168086,0.05218842971544117,0.15963489404376088,0.13629487715667696,0.05534048850077271,0.24802416969769692,0.16401547613474782,0.05809910136716768
gowalla,LightCCN-full,,1,val-best-recall@20,150,dep__gowalla__sef.sm.B__L1__val,0.05892667017684106,0.13086748083577981,0.042564181851290586,0.07833127700847402,0.12126842641940086,0.04696291470786166,0.11222110154611033,0.12232427213429102,0.05145010470584542,0.15787699624655707,0.13506105527018736,0.054581679183260186,0.24519838597861401,0.16240198367150963,0.057297453788287815
gowalla,LightCCN-full,,2,test-frame,190,dep__gowalla__sef.sm.B__L2__tst,0.06483592380703847,0.14405205209798647,0.046582915924011474,0.08480589770327016,0.13208936571659824,0.0511142950139511,0.12154914669818932,0.13290491762747217,0.055936267093271284,0.16882096516240142,0.1457947090676362,0.05916857716431593,0.25893960975843033,0.1738269034891067,0.061985887450512075
gowalla,LightCCN-full,,2,val-best-recall@20,210,dep__gowalla__sef.sm.B__L2__val,0.06258789932895063,0.13994282248737275,0.04532419682784754,0.08230244367049716,0.12900561674362052,0.049795552489152156,0.11811633043141044,0.12992974430375265,0.05451091872971736,0.16587540769530326,0.1430519654211707,0.05778325886398199,0.25619184940417494,0.17104634207520927,0.06059838651568828
gowalla,LightCCN-full,,4,test-frame,300,dep__gowalla__sef.sm.B__L4__tst,0.06570939331596198,0.14595409082939223,0.047140495432472306,0.0855949295827,0.13402451795928355,0.0516426433647112,0.12173956423780312,0.1343625608894953,0.056415658502802855,0.17072059327531489,0.14769125745915673,0.05977543431493849,0.26265621177752685,0.1761854085733307,0.06265694047255523
gowalla,LightCCN-full,,4,val-best-recall@20,390,dep__gowalla__sef.sm.B__L4__val,0.0635280058269501,0.14264359375213742,0.04579352824856975,0.08382517066738876,0.13157361916397262,0.050389450703448156,0.11967441628169476,0.13189627473889828,0.05511740941135625,0.1680566461794067,0.14502707955636984,0.05842196146703333,0.2588993394095897,0.17317906235518815,0.06125017493594923
gowalla,LightCCN-full,,5,test-frame,300,dep__gowalla__sef.sm.B__L5__tst,0.06519110577818563,0.14463840792300592,0.0466900443364702,0.08525437737569712,0.13319890316635868,0.051219655163632756,0.12095852111077032,0.13340693409556148,0.05592674089398681,0.1699205040379966,0.14671796600205586,0.05927095198816758,0.2623273780269242,0.17530112230892067,0.06216341687066793
gowalla,LightCCN-full,,5,val-best-recall@20,310,dep__gowalla__sef.sm.B__L5__val,0.0640607164277435,0.14270831006040222,0.045712120105967646,0.08423520239799595,0.13158592324230087,0.050284957761415366,0.1208442562871694,0.13250307261363137,0.055103453289016086,0.1685982284757779,0.1453249466782665,0.058362690560371425,0.26111592295214037,0.1739954978869979,0.06126354967198655
gowalla,LightCCN-full,,6,val-best-recall@20,440,dep__gowalla__sef.sm.B__L6__val,0.06266972368941819,0.14023772842910506,0.044903948683409876,0.08191810089947336,0.12897866789999538,0.049281963569760785,0.11744438392741975,0.12948622228307965,0.05397077410237942,0.16517372365864091,0.14243369970701636,0.05723301236995571,0.2558045502596809,0.17059464497574167,0.06008252722315588
gowalla,LightCCN-full,,6,val-best-recall@20,440,dep__gowalla__sef.sm.B__L6__val,0.06266675726740159,0.14024727197127668,0.04489979675582034,0.08192119322665144,0.12897648034150486,0.049279032163688195,0.11746186134984068,0.12949848532195765,0.05397006210451322,0.16517146272345434,0.14243142165969938,0.05723067929920597,0.2557942487563528,0.1705919926222938,0.060080000123918564
gowalla,LightCCN-full,,6,test-frame,330,dep__gowalla__sef.sm.B__L6__tst,0.06415564525810083,0.142897790350329,0.0460486590579737,0.0842675393336174,0.1317583681638272,0.05060554884957259,0.11992725446064742,0.13223033995939082,0.05530825826589169,0.16930232512467036,0.14567448506519257,0.05868461158928897,0.25993747941756085,0.17369493017023505,0.06151796771798796
gowalla,LightCCN-full,60,1,val-best-recall@20,200,dro__gowalla__t60__sef.sm.B__L1__val,0.0582964331423144,0.1278631425218804,0.04198875873071779,0.0769051311359075,0.11832047609726701,0.04620750997937628,0.11046869743519559,0.11987353403038163,0.05063107572558375,0.15686089887030272,0.1332827335317953,0.053796650942602976,0.2456518061610234,0.16129129613009782,0.05657514439383939
gowalla,LightCCN-full,60,2,val-best-recall@20,400,dro__gowalla__t60__sef.sm.B__L2__val,0.06224467804726637,0.13799657107153632,0.044860773174271014,0.08157827808854838,0.12731958963822224,0.04924785668822062,0.11728200231515709,0.12859894559561583,0.053955739631726125,0.16572390254332175,0.14206477396123987,0.057262891031311,0.2577636766153677,0.1709556162546644,0.06014990943454051
gowalla,LightCCN-full,60,3,val-best-recall@20,400,dro__gowalla__t60__sef.sm.B__L3__val,0.06532190963608969,0.14541170138956303,0.046936602519565725,0.08605700436658725,0.134425253867478,0.051629411463517405,0.12282788288977439,0.1350642656145259,0.056482975720566576,0.1735081517185565,0.14897506828031948,0.05994622814459599,0.2672546056715586,0.1782105309718785,0.06288222237150598
gowalla,LightCCN-full,60,4,val-best-recall@20,340,dro__gowalla__t60__sef.sm.B__L4__val,0.06602008255589255,0.14733549444529395,0.047107929500661366,0.08596343796923218,0.13514161109525813,0.051632094044868675,0.12356174655400276,0.13606441749134218,0.05657912234716483,0.17369528921804595,0.1496452101998761,0.06000465187232313,0.2673980189581799,0.17860982598958602,0.06294137426807463
gowalla,LightCCN-full,60,5,val-best-recall@20,390,dro__gowalla__t60__sef.sm.B__L5__val,0.0655699708694839,0.14634769354374663,0.04677777803850541,0.08594282947627205,0.1347758982498519,0.051389968464657126,0.123294680037133,0.13563422159295976,0.05630985089761963,0.17294496973264725,0.14902702702239956,0.05970947230287651,0.2682862407288235,0.17850054498092172,0.06269816262308187
gowalla,LightCCN-full,60,6,val-best-recall@20,570,dro__gowalla__t60__sef.sm.B__L6__val,0.06457204876983333,0.14487161376351917,0.046288094122486516,0.08510635799387298,0.13368468686414453,0.050937820563401175,0.12196285303605091,0.13446245339002758,0.055799524485645055,0.17276773374142254,0.148415697073148,0.05928084456160632,0.2675145038408994,0.17773513427264298,0.06225117934000176
gowalla,LightCCN-prop,60,3,val-best-recall@20,530,dro__gowalla__t60__sef.sm__L3__val,0.06492451724306847,0.1443205250367013,0.046557286205650285,0.08568721758457772,0.13357223845060492,0.05127419463004532,0.1228190834359027,0.1345692502327518,0.05616873841406318,0.17413631429045623,0.14883974609541267,0.05967414921867848,0.26834943565742225,0.17825580206186303,0.0626303882671309
gowalla,LightGCN,,,test-frame,380,lightgcn__gowalla,0.06631360920179653,0.14609351924820302,,0.08699292923038827,0.13491172889308206,,0.12495457478044066,0.1364612174273118,,0.17632385783587315,0.15059475347242973,,0.2708391778395932,0.18008909322084213,
gowalla,LightGCN,,1,val-best-recall@20,200,dro__gowalla__lightgcn__L1__val,0.05853123589867666,0.1283069126592201,0.04218452791211422,0.07690892560044961,0.11841701811882979,0.04635602752527486,0.11087522210108544,0.12022177157206021,0.05085727249736753,0.15686184611260837,0.13352523956146964,0.053998104787528235,0.2463268751121746,0.1618103757785918,0.05680223016104463
gowalla,LightGCN,,1,val-best-recall@20,200,dep__gowalla__lightgcn__L1__val,0.05853123589867666,0.1283069126592201,0.04218452791211422,0.07690892560044961,0.11841701811882979,0.04635602752527486,0.11087522210108544,0.12022177157206021,0.05085727249736753,0.15686184611260837,0.13352531557104774,0.05399814159177162,0.2463268751121746,0.161810337790752,0.05680222460374048
gowalla,LightGCN,,1,test-frame,190,dep__gowalla__lightgcn__L1__tst,0.06050240786655906,0.13209444541614618,0.04351647726076744,0.07996634450212292,0.12227589431685007,0.04793574777429529,0.11472540905672417,0.12403239628777506,0.05252430452486263,0.16248060153987678,0.13783986702773932,0.055786685486453956,0.25199569762016316,0.1660215559468399,0.05858297817262573
gowalla,LightGCN,,2,test-frame,280,lightgcn__L2,0.06487909619393244,0.14343262049120545,,0.0852263152834536,0.13247919675945433,,0.12213336700277952,0.13363415071800686,,0.1712473586482618,0.14718670773915996,,0.2636686529487297,0.17598496575724554,
gowalla,LightGCN,,2,val-best-recall@20,310,dro__gowalla__lightgcn__L2__val,0.062416390044123346,0.13950206903241466,0.04496341468250336,0.08311620158394871,0.12931531026575602,0.04965297341352404,0.11901717631008635,0.13025598062519475,0.05438082212595599,0.16774236248596266,0.14376126771270029,0.0577020492569238,0.2607370696338994,0.17272850496374137,0.06061290762414003
gowalla,LightGCN,,2,val-best-recall@20,310,dep__gowalla__lightgcn__L2__val,0.062416390044123346,0.13950206903241466,0.04496341468250336,0.08311620158394871,0.12931531026575602,0.04965297341352404,0.11901717631008635,0.13025598062519475,0.05438082212595599,0.16774236248596266,0.1437612186275005,0.05770203983544606,0.2607370696338994,0.17272847374913833,0.06061289972192598
gowalla,LightGCN,,2,test-frame,220,dep__gowalla__lightgcn__L2__tst,0.06492945269127977,0.14359568628986985,0.046546973855970564,0.08554378916995792,0.13273986439384414,0.05123214015954201,0.12181313208112927,0.13356908974234868,0.05599838596481094,0.17125033392301214,0.14707873128518384,0.05939330236359693,0.2639587000379717,0.1759354914072781,0.06228837433330983
gowalla,LightGCN,,3,val-best-recall@20,520,nd__gowalla__lightgcn__L3__val,0.0651170449461464,0.14450671919993754,0.046677071441295945,0.08584985686129974,0.13349382034145996,0.05138446439520092,0.12266400254255144,0.13448387672465267,0.056224424390168906,0.17374672263416552,0.14877060816517199,0.05972125059643551,0.26813372917682804,0.1782286072628439,0.06269062883368154
gowalla,LightGCN,,3,test-frame,430,nd__gowalla__lightgcn__L3__tst,0.06644245238837472,0.14679973858280485,0.0474792629822775,0.08749409885867904,0.13581255807757178,0.05225228176005766,0.1256674212563131,0.13728181867340164,0.05727721298928001,0.17617098348698912,0.15102046503300842,0.060726199160048504,0.2717563098755656,0.18075531126830144,0.06372311882721417
gowalla,LightGCN,,3,val-best-recall@20,520,dro__gowalla__lightgcn__L3__val,0.0651170449461464,0.14450671919993754,0.046677071441295945,0.08584985686129974,0.13349382034145996,0.05138446439520092,0.12266400254255144,0.13448401738716145,0.05622449084227501,0.17375090911685023,0.14877260986335383,0.05972149447566492,0.26813372917682804,0.17822871087028908,0.06269067498770717
gowalla,LightGCN,,4,val-best-recall@20,600,dro__gowalla__lightgcn__L4__val,0.06575045332019923,0.14750564413773296,0.04719777469367533,0.086446255204698,0.13595398972476738,0.05189178775960281,0.12444684872978426,0.13715065495707032,0.05689682814189882,0.17536569191447873,0.15100679523881946,0.06037854600300887,0.270449975180206,0.18042536152496186,0.06337497634603587
gowalla,LightGCN,,4,test-frame,430,dep__gowalla__lightgcn__L4__tst,0.06665109765722048,0.14768271725382193,0.047351448134440685,0.08753126168016456,0.13626104874091458,0.05208539517159158,0.1259192130003801,0.1377515743907009,0.05713424472300805,0.17650295771911073,0.1514365692337235,0.06058899519054725,0.2725157330184911,0.1811955494577352,0.06360099020437412
gowalla,LightGCN,,4,val-best-recall@20,600,dep__gowalla__lightgcn__L4__val,0.06575045332019923,0.14750564413773296,0.04719777469367533,0.086446255204698,0.13595398972476738,0.05189178775960281,0.12444684872978426,0.1371504909897167,0.056896735108950276,0.17536569191447873,0.15100663127146585,0.060378452970060316,0.270449975180206,0.18042520241197965,0.0633748841507189
gowalla,LightGCN,,5,val-best-recall@20,580,dro__gowalla__lightgcn__L5__val,0.0650032487156497,0.14518779063180384,0.046388998799589354,0.08602013719241303,0.13460914615651665,0.051155567271336015,0.1238186643048106,0.13576767390807928,0.05612296785017837,0.17483376754837565,0.14961174715643472,0.05961156072885729,0.2710204360922267,0.17942572969527443,0.06262271076332245
gowalla,LightGCN,,5,val-best-recall@20,580,dep__gowalla__lightgcn__L5__val,0.0650032487156497,0.14518779063180384,0.046388998799589354,0.08602013719241303,0.13460914615651665,0.051155567271336015,0.1238186643048106,0.13576767390807928,0.05612296785017837,0.17483376754837565,0.14961172758657487,0.0596115555443586,0.2710204360922267,0.1794257127030872,0.06262270589496964
gowalla,LightGCN,,5,test-frame,600,dep__gowalla__lightgcn__L5__tst,0.06570632101954531,0.14655089077532674,0.04680317400520803,0.08713912995514496,0.13584162434397612,0.0516801842113506,0.1255579802884223,0.13714606691863857,0.056729842289984476,0.17711386295001566,0.15123333768985006,0.06026434584116815,0.2753444990615277,0.18169118513829394,0.0633400334511178
gowalla,LightGCN,,6,val-best-recall@20,510,dro__gowalla__lightgcn__L6__val,0.064236303763074,0.1432066583234496,0.04581648978296925,0.08447009074092017,0.13241979175983526,0.05038944501604957,0.12125410547334617,0.13340989562944636,0.055257947793212026,0.17268163865713185,0.14759322050109935,0.05878006110627186,0.26770936133509626,0.1771046740125816,0.06175923425602002
gowalla,LightGCN,,6,test-frame,480,dep__gowalla__lightgcn__L6__tst,0.0648123481125597,0.14375040807636272,0.046146313542763724,0.08535040106725086,0.13293553978145167,0.05078820809505392,0.12292364632746192,0.13436758540901642,0.05574003447957552,0.17411964863876606,0.14857109871739307,0.05924249923856745,0.27037093720048144,0.17846535514505676,0.062254982704044476
gowalla,LightGCN,,6,val-best-recall@20,510,dep__gowalla__lightgcn__L6__val,0.064236303763074,0.1432066583234496,0.04581648978296925,0.08447009074092017,0.13241979175983526,0.05038944501604957,0.12125410547334617,0.13340989562944636,0.055257947793212026,0.17268163865713185,0.14759318292192472,0.05878004641685893,0.26770936133509626,0.17710465080331556,0.061759222713588975
gowalla,arb,,,test-frame,45,arb__gowalla__sslrec_k5,,,,0.0771,0.1201,,0.1139,0.123,,0.1646,0.1376,,,,
gowalla,hccf,,,val-best-recall@20,250,hf__gowalla__hccf__A_clw1e-2__val,0.0488640303296992,0.11111419552257483,0.03483666067942231,0.06500735398606258,0.10278033071729949,0.038496001977275277,0.09417494661219422,0.10352727953859112,0.04233105166417371,0.13345717542733407,0.11392900985931109,0.04500930695932544,0.20974166059995636,0.1373729421866875,0.04737341454539822
gowalla,hccf,,,val-best-recall@20,230,hf__gowalla__hccf__Axav_hyp50__val,0.054047468042056554,0.12223637730729545,0.03884541651606883,0.07217281919420332,0.11344531308560746,0.042970143329187874,0.1034464205797026,0.11406564860179834,0.047097890363037576,0.14706788887551805,0.1258529976621653,0.0500746423535256,0.23095954526156787,0.1518252192975042,0.05269602621909976
gowalla,hccf,,,val-best-recall@20,250,hf__gowalla__hccf__Axav_hyp250__val,0.04426226555576723,0.1018999161076729,0.03132252659386154,0.059650111613349543,0.0943744943394548,0.03479985287443563,0.08606543076232312,0.0946373451151562,0.03828181168518241,0.12239219590493398,0.10441169896443205,0.040759101284763684,0.19594424198888946,0.1271906235944505,0.04305778404034314
gowalla,hccf,,,val-best-recall@20,240,hf__gowalla__hccf__Axav__val,0.04704326078364627,0.10758444906400345,0.03335458089849769,0.0629789484190577,0.09947151132381468,0.036970665261055954,0.09147925931606582,0.10012528389382623,0.04070296707488038,0.13216894882319447,0.1113960148416579,0.04347797687858221,0.20748714903090254,0.13463926613751515,0.04582766545942739
gowalla,hccf,,,val-best-recall@20,250,hf__gowalla__hccf__A_kr0.75__val,0.042181044054776504,0.09824566090925015,0.029843769246950484,0.05650262552852164,0.09058731311519001,0.03308969427749861,0.08282103186773271,0.09119026031679774,0.0365488215242809,0.1203364754124301,0.10151262768224265,0.03911027298999597,0.1914807598432872,0.12363304376857145,0.04132923442627304
gowalla,hccf,,,val-best-recall@20,230,hf__gowalla__hccf__A_clw1e-4__val,0.04851528965889391,0.1107690737727659,0.03485938531262155,0.06395686617556978,0.10180158735098063,0.03835421292041173,0.09141087598083274,0.10174387239567068,0.041964257502305424,0.13032516862938592,0.11219505235535583,0.04462035885372377,0.2038747884729821,0.1349402569924574,0.046916415175894614
gowalla,hccf,,,val-best-recall@20,200,hf__gowalla__hccf__Axav_clw1e-2__val,0.04910798309859965,0.11195358017936785,0.03535463350208317,0.06544933616582092,0.10325416106034825,0.039052289304130045,0.09458356937412075,0.10391010300352106,0.04287561318869459,0.1347697011221626,0.11489995962568395,0.04561878468521391,0.21057628904356018,0.13844285617482763,0.04798513209976516
gowalla,hccf,,,val-best-recall@20,80,hf__gowalla__hccf__Bxav__val,0.05675443302988058,0.1259417223347591,0.040391728670544434,0.07626685976611898,0.11763547845788003,0.044808548659199414,0.1134303570736597,0.12126406201039218,0.049706167062462774,0.16425173910403817,0.13614314626125343,0.05317300139914385,0.2580772143709014,0.16548240107305012,0.0561128031436275
gowalla,hccf,,,test-frame,300,hf__gowalla__hccf__A__tst,0.04635147043699352,0.10551872381110447,0.03329403100748107,0.06183716075946098,0.09749705374338147,0.03681536485275693,0.08877612847648693,0.09793966518198999,0.0403562921783487,0.12799498353442806,0.10882764721796077,0.04303696153785294,0.20272773641285113,0.13202248255283625,0.04536803990451592
gowalla,hccf,,,val-best-recall@20,70,hf__gowalla__hccf__Axav_kr0.75__val,0.04040114906315999,0.09425862933625771,0.02865821146023058,0.05480013035996861,0.08752141187979227,0.031924546413642174,0.07971371958203338,0.08794869832142395,0.03520928860982437,0.11562879883622355,0.09794060550076304,0.03767309811138205,0.1830269264693899,0.11904428645437783,0.03977257373789452
gowalla,hccf,,,val-best-recall@20,380,hf__gowalla__hccf__A_L3__val,0.0501630369349344,0.11378380219547585,0.036441328937080346,0.06547427202330472,0.1042739077312362,0.039917321874548134,0.09414408772529667,0.10478426894062338,0.04369141316147996,0.1345063619537907,0.115768740304826,0.04644642259212633,0.21111119510887094,0.1395675206162545,0.048840329693495034
gowalla,hccf,,,val-best-recall@20,240,hf__gowalla__hccf__A__val,0.04560500963904579,0.10470628432648751,0.032362778696293774,0.06131439251236107,0.09718027449875992,0.03591891719483959,0.08872891689286005,0.09757178721311409,0.03952387064673176,0.12832574704937008,0.10837134289435557,0.042231055859686305,0.20247920492657182,0.13131633080234634,0.04453694232213102
gowalla,hccf,,,val-best-recall@20,160,hf__gowalla__hccf__Axav_clw1e-4__val,0.047667701782505664,0.10903435870853381,0.03396831064553322,0.06413348191149826,0.10138507122576094,0.03770019297659579,0.09253336686265143,0.10187594534511588,0.04144474983530089,0.1308682737308491,0.1120218176913612,0.044056963648755956,0.20760802653866997,0.13588603698199772,0.04645171188175859
gowalla,hccf,,,val-best-recall@20,290,hf__gowalla__hccf__A_hyp50__val,0.05319844071166004,0.12004057168261913,0.03822655199691089,0.07157150360068634,0.11183161487749786,0.042391313050336006,0.1027710302616095,0.11258442704248071,0.04648150927782393,0.1473237894467789,0.12497410006895142,0.04952110152586881,0.230343221574071,0.1507996035273889,0.052124018277022115
gowalla,hccf,,,val-best-recall@20,170,hf__gowalla__hccf__Axav_kr0.25__val,0.050145433625869186,0.11578407244640107,0.036528086499052335,0.0654617857851235,0.10567982399214271,0.04000055682403464,0.09395656381164283,0.10538329847310851,0.043734708634570116,0.13360853082581123,0.1160086720938269,0.046433889583665636,0.2105861423189331,0.13976350251895753,0.04883468595043898
gowalla,hccf,,,val-best-recall@20,300,hf__gowalla__hccf__B__val,0.058156726801244736,0.128654994919129,0.041567092383814536,0.07781790785144826,0.12026870443114025,0.046011105260331066,0.11267652260329916,0.12225628782751458,0.05059900230549114,0.1621809685981391,0.1364681529228389,0.05398441103976062,0.25664984492815,0.1660347568246615,0.05694639694186872
gowalla,hccf,,,val-best-recall@20,240,hf__gowalla__hccf__A_hyp250__val,0.04224809273544996,0.0992260395239413,0.03041842513838137,0.05655767399710755,0.09112164385510921,0.03366334220021544,0.08183592939546042,0.09114004545997975,0.03698812899182103,0.11790558876402714,0.10074580956650644,0.03944706502016346,0.18741406891082596,0.12231096280471628,0.04161553366235086
gowalla,hccf,,,test-frame,260,hf__gowalla__hccf__B__tst,0.056484126102475614,0.1250842781399422,0.04026323666239632,0.07697865325725271,0.11775360436425265,0.04490773269032908,0.11274131089031937,0.12057073623377333,0.04960678956296831,0.16345659845507102,0.13551075055123327,0.05308042612758155,0.25666691811577946,0.16470126574137126,0.05599930420138014
gowalla,hccf,,,val-best-recall@20,230,hf__gowalla__hccf__A_kr0.25__val,0.050288066901121135,0.11492146364855316,0.0364483912968389,0.06660834397304743,0.10582477855935665,0.040140176256732545,0.09689975126761013,0.10667145045243247,0.04414144622061388,0.13874199621146932,0.11834992593651596,0.04699845898018991,0.21828864446713303,0.1430436325637415,0.049486705107140115
gowalla,lightccn_multi,,2,test-frame,270,derived_ef__softmax__global__L2,0.0648427836425431,0.14344505385573764,,0.08509891502945417,0.13217904206196343,,0.12135180333463043,0.13301393644259873,,0.1713240297384662,0.14694431697920363,,0.2637746075850926,0.17577150973006345,
gowalla,lightccn_multi,,2,test-frame,100,derived_e__softplus__global__L2,0.06028837314410571,0.13210960787408058,,0.07961322335668124,0.12195611064198549,,0.11408049335483267,0.1234768809803442,,0.16002980648771414,0.13634642167855754,,0.2432776317107434,0.1625783467016043,
gowalla,lightccn_multi,,2,test-frame,100,stateful_ef__softplus__global__L2,0.058988464901093135,0.1289270143245929,,0.07838852402554437,0.11977934638666071,,0.11221279975319784,0.12134399393020893,,0.15853091312311823,0.13449354493876814,,0.24172601215107425,0.1607591134020253,
gowalla,lightccn_multi,,2,test-frame,250,stateful_e__softmax__global__L2,0.06475727889092658,0.14260673913625735,,0.0847373136931896,0.131569569532668,,0.12149423827724427,0.13276910448292562,,0.17123837545959975,0.14655531842939346,,0.2637830676756046,0.1754014393483372,
gowalla,lightccn_multi,,2,test-frame,100,stateful_e__softplus__global__L2,0.05940073175146111,0.13015246633015132,,0.07910039129095231,0.1208213065054511,,0.11299155678056186,0.1222096153821897,,0.15905327663998248,0.13530375017097818,,0.242763937775137,0.1616099973947267,
gowalla,lightccn_multi,,2,test-frame,100,derived_ef__softplus__global__L2,0.05998589102290049,0.13153782165970232,,0.07957281155002725,0.12162851598795597,,0.11364540225770951,0.12297072238617483,,0.1596468677515011,0.1359400647003971,,0.24286703739078677,0.16211907556740796,
gowalla,lightccn_multi,,2,test-frame,270,derived_e__softmax__global__L2,0.0649138496182528,0.14339545077789523,,0.08509544338040739,0.1321621441929207,,0.1213471833674545,0.1330064881560879,,0.17128507777860835,0.14697798669320977,,0.2636630459696376,0.17578568875191525,
gowalla,lightccn_multi,,2,test-frame,250,stateful_e__softmax__global__L2,0.06475727889092658,0.14260673913625735,,0.0847373136931896,0.131569569532668,,0.12149423827724427,0.13276910448292562,,0.17123837545959975,0.14655531842939346,,0.2637830676756046,0.17540143269782765,
gowalla,lightccn_multi,,3,test-frame,140,derived_ef__softplus__global__L3,0.06203975666795747,0.13357357743322998,,0.08286578917442866,0.12438240292038433,,0.11914455631185893,0.12680350870543983,,0.1684070897344715,0.14119340341481632,,0.2545097898422044,0.16854792914664338,
gowalla,lightccn_multi,,3,test-frame,120,stateful_e__softplus__global__L3,0.06307498245560948,0.13703653966028145,,0.08390943645045228,0.12714869065075934,,0.12092294701761819,0.12951722209773553,,0.1711038050113372,0.14392128372451973,,0.2603009257792467,0.17207466404833838,
gowalla,lightccn_multi,,3,test-frame,270,derived_ef__softmax__global__L3,0.06632230525355415,0.1466556395320219,,0.08727501734671471,0.13541293331678259,,0.12415688248082568,0.13619197993695845,,0.1749896504347511,0.15022513145192787,,0.2694714948977816,0.1795304375319941,
gowalla,lightccn_multi,,3,test-frame,110,stateful_ef__softplus__global__L3,0.063280361323023,0.1370438880520922,,0.08399288143125437,0.12722028711874933,,0.12110758840957264,0.1295563965571443,,0.1710266677567758,0.14402013804309366,,0.2622138634831186,0.17286256564526778,
gowalla,lightccn_multi,,3,test-frame,370,derived_e__softmax__global__L3,0.06661114037053505,0.14662958978691198,,0.08734822882425661,0.13554502397775994,,0.12480443475115131,0.13672872618722515,,0.17631861966464862,0.15097527391963442,,0.2719363933884236,0.18069621949672682,
gowalla,lightccn_multi,,3,test-frame,140,derived_e__softplus__global__L3,0.06207953855935251,0.1347248718342689,,0.08291915459129787,0.12529248791011252,,0.11982650934082127,0.12786802209315667,,0.16915832553474258,0.14222606442128866,,0.25486695492580486,0.16936617701005793,
gowalla,lightccn_multi,,3,test-frame,430,stateful_e__softmax__global__L3,0.06695560849273766,0.1475178961555,,0.08731272357430761,0.13582568237303355,,0.12564538069510559,0.137319948882558,,0.17647250937866557,0.15132495508861393,,0.2727678409440199,0.18129956270199618,
gowalla,lightccn_multi,,3,test-frame,430,stateful_e__softmax__global__L3,0.06695082394109798,0.14750734894624745,,0.08732135026590032,0.13582746894579253,,0.1256329541512637,0.1373098646448765,,0.17646219722001796,0.15131613063019136,,0.2727747277986528,0.1812958077301941,
gowalla,lightccn_multi,,3,test-frame,280,stateful_ef__softmax__global__L3,0.06643379821089156,0.146800269317844,,0.08723726794389784,0.1355001658683385,,0.12458027506306917,0.1363964562295271,,0.17535558522283615,0.15040513597157631,,0.26988649196951975,0.1797076554545233,
gowalla,mf,,,test-frame,60,mf__gowalla,0.04461683728070771,0.09804691093896846,,0.06059643517020418,0.0922500437722811,,0.08917100075298512,0.09463834901753714,,0.12927033323481946,0.10645393596963038,,0.2063264907343756,0.13078044325443933,
gowalla,mf,,,test-frame,80,bt__gowalla__mf__anchor__tst,0.04234410670277868,0.09165254591105526,0.029631675416160987,0.057826512155653965,0.08648872102064807,0.03313800634671053,0.08635218264605968,0.09013373840209894,0.03690339686759782,0.1273309876599085,0.10269129780231374,0.039701622958104435,0.20607374831205294,0.12761863938492457,0.0421679083329228
gowalla,mf,,,val-best-recall@20,190,bt__gowalla__mf__std__val,0.0403002966751003,0.08428802712254443,0.02759231225082878,0.055770550141751515,0.08048538268533319,0.031094948431463106,0.08334532902413257,0.08474073132266782,0.03471779271804085,0.12412483899377247,0.09784729309096421,0.03750724089623182,0.20385376272042205,0.12334864880488053,0.04000608721179557
gowalla,ngcf,,,test-frame,60,ngcf__gowalla,0.04389272327793107,0.10286046889018644,,0.05847088277632977,0.09446078964909656,,0.08530960562205397,0.09478268067212307,,0.12324412383995202,0.10515929785880343,,0.1974457682462893,0.12821312691996065,
gowalla,ngcf,,,test-frame,250,bt__gowalla__ngcf__anchor_lr1e4_reg1e5__tst,0.04876730553345792,0.11218697467850064,0.03501225572316975,0.06472371294104266,0.10313787653155666,0.038630356523553254,0.09323824552994589,0.10332413295879854,0.042387216843551415,0.1331315891530196,0.11416421778531992,0.045114784426762075,0.21099079625642156,0.13838797846515752,0.04755009985157649
gowalla,ngcf,,,val-best-recall@20,170,bt__gowalla__ngcf__lr1e-4_reg1e-5__val,0.04817096584515012,0.11244691573402343,0.034652294172542876,0.06367081781964438,0.10261676830935802,0.03816563763540281,0.09260596987843737,0.1028386037490882,0.04198125959456508,0.13139910887493902,0.11315337307033715,0.04463992003727086,0.2052622709873903,0.13592684367447347,0.04693896355809671
gowalla,ngcf,,,test-frame,400,bt__gowalla__ngcf__anchor_faithful__tst,0.05206605528693065,0.11467633855703746,0.037073569215844954,0.06987873534816479,0.10702212159635847,0.0410993748864731,0.10176758788288473,0.10919174129689266,0.045287926984502264,0.14642771619890618,0.1221735991421572,0.04833912047719459,0.23232805255910055,0.14904093032515062,0.051023919165390015
gowalla,ngcf,,,val-best-recall@20,40,bt__gowalla__ngcf__lr5e-4_reg1e-5__val,0.04617230108630604,0.10695708862752472,0.033083786287101125,0.06086574433406615,0.09794426933656507,0.03642208473434506,0.08815548907274375,0.098015879659725,0.04001872306119466,0.12618773773429515,0.10828068077157489,0.04261725484402899,0.19777968588332584,0.1304341578753799,0.04485368416543964
gowalla,ngcf,,,val-best-recall@20,80,bt2__gowalla__ngcf__lr5e-4_reg1e-5__val,0.048195220286129034,0.1075704255462799,0.03415706419604392,0.06507391872378411,0.10018389727961993,0.037976143007311065,0.09585846926667081,0.10243018415037103,0.04203174876790013,0.1384406978033283,0.1148021832525665,0.04492736286041527,0.2209230186677028,0.1407300851679304,0.04751696799901777
gowalla,ngcf,,,val-best-recall@20,370,bt2__gowalla__ngcf__lr1e-4_reg1e-5__val,0.05043849592677756,0.11285011379944884,0.035825754139569475,0.06802958920935345,0.10499241000135161,0.039801191733708025,0.10025722216550524,0.10726745018914476,0.04402497686937925,0.14484341426468003,0.12015862967092553,0.047055955917097665,0.2286606589768856,0.1463806542013745,0.04966480428160347
gowalla,ngcf,,,test-frame,450,bt2__gowalla__ngcf__anchor_faithful__tst,0.05164211718142054,0.11280525204131794,0.03666256672816676,0.06933252900759505,0.10561662008745537,0.040656174778075316,0.10172093360698171,0.1083054153981381,0.04492276727837441,0.14609311305354447,0.12128838104116943,0.04795099575959727,0.23256689128678645,0.14845000388278007,0.05065848102923815
gowalla,ngcf,,,test-frame,200,ngcf__gowalla,0.038379412255278356,0.08743946170718155,,0.05273943366774368,0.08218124360940847,,0.07886498528189988,0.0845959804842565,,0.11788366228929445,0.09616779650049756,,0.19561939703600623,0.12067790205403037,
gowalla,simgcl,,,test-frame,40,simgcl__gowalla,0.05971877196182717,0.1312410215166663,,0.08002040371670305,0.12244716756972952,,0.11649792997570599,0.12518244030666972,,0.1638819763071839,0.13851251993853234,,0.24725840494258153,0.16459254018756714,
gowalla,simgcl,,,val-best-recall@20,30,bt2__gowalla__simgcl__lam1__val,0.06137394264786446,0.13558911354338649,0.043847541506993847,0.08278950810204824,0.12694129567247944,0.04870961066425682,0.11922078604225161,0.12872782307009215,0.05350512732251417,0.16983904289273993,0.14329233768968033,0.05696900874452873,0.25731987808539664,0.170579625688019,0.0597320643777114
gowalla,simgcl,,,val-best-recall@20,30,bt2__gowalla__simgcl__lam02__val,0.06435519642595185,0.14416382095136088,0.046040514650243496,0.0856701173498162,0.13389628763511252,0.05087269704827588,0.12515728155412598,0.13613517341804426,0.05606362385869216,0.17901091584855025,0.1513972537663625,0.059741737002789806,0.276229909615973,0.18168756485659743,0.06279109750800911
gowalla,simgcl,,,val-best-recall@20,20,bt2__gowalla__simgcl__lam05__val,0.06343773649596478,0.14178525213245374,0.0452172007646606,0.08580436354923861,0.13235712899997137,0.05027320660658326,0.12381033071881159,0.13410525011508612,0.05524102274088462,0.1772852575770097,0.14938771862343264,0.05888867800013796,0.27375493243159893,0.17949041047687614,0.06191969818427253
gowalla,simgcl,,,val-best-recall@20,60,bt2__gowalla__simgcl__lam01__val,0.06393453617449452,0.14281911926840488,0.045600529535612645,0.08598260051512184,0.13318585795642998,0.050613340435188066,0.12451280574530726,0.1352308302430161,0.055692931722918615,0.17787424472010174,0.1503031620622431,0.059332995213394094,0.2743984777133477,0.18041590055262155,0.062368244911908996
gowalla,simgcl,,,val-best-recall@20,40,bt2__gowalla__simgcl__lam2__val,0.05676193864593795,0.12156094577608346,0.04008011412786538,0.07555912167928903,0.11316776196605881,0.04435544539959075,0.10836116001182935,0.1153000095789965,0.0486686104403186,0.1529539721287889,0.1283932046070165,0.0517282758185049,0.22692585099899165,0.1515952782433121,0.05407184403884759
gowalla,simgcl,,3,val-best-recall@20,30,b2__gowalla__simgcl__L3__val,0.0636242573127772,0.14137795782471974,0.045348658013968444,0.08579469477514641,0.1321854308844623,0.05035452604933303,0.12396875439593305,0.13419071611048375,0.0553705246042353,0.17644116962299106,0.14916210026670013,0.058951171171502004,0.2704198724256073,0.17849950717810603,0.06191995281853723
gowalla,simgcl,,3,test-frame,60,b2__gowalla__simgcl__L3__tst,0.06035239989941009,0.13297881306407794,0.04284960667457727,0.08079721800946955,0.12388955490448611,0.04749957394071246,0.11831030703959737,0.12671307442114263,0.05244020060005029,0.1660303616939545,0.14020126195761357,0.05570074086802477,0.2506124607163232,0.16662896440826772,0.058378094707174075
yelp2018,LightCCN-full,,1,test-frame,130,dep__yelp2018__sef.sm.B__L1__tst,0.01233840203390658,0.037466941934807346,0.00786271891120276,0.01888686423427682,0.03549483364241366,0.009337922141427235,0.03290854523618606,0.037724216082071674,0.011165033138038852,0.05655108060973567,0.04634112590528631,0.012761025270605464,0.10986689846831152,0.06612395145663512,0.014406138167657604
yelp2018,LightCCN-full,,1,val-best-recall@20,90,dep__yelp2018__sef.sm.B__L1__val,0.01269950431009316,0.038114733017928656,0.008054034509533061,0.01919234835741848,0.03587311464640836,0.00951748008007118,0.033728303868495506,0.03844536602101592,0.011407435902890013,0.057227594149877,0.04697794370587633,0.013001547318134554,0.1116667046870953,0.06719626942874389,0.014686096599241126
yelp2018,LightCCN-full,,2,val-best-recall@20,180,dep__yelp2018__sef.sm.B__L2__val,0.012996910434055904,0.040558933464190504,0.008423142167938455,0.020144414875452127,0.0383088380974161,0.010033681700096156,0.03504426733073707,0.04037041559212217,0.011977744112234085,0.06005882662550206,0.04944856604367397,0.013668221527513964,0.11549628150768046,0.06998932190408662,0.015381251969737027
yelp2018,LightCCN-full,,2,test-frame,170,dep__yelp2018__sef.sm.B__L2__tst,0.01317049735908926,0.040811006054446756,0.008613969402558503,0.020095224522432675,0.038512117866154404,0.010187462970280144,0.03542989337269689,0.04099693246363902,0.012194048921655515,0.060637355308803695,0.05008530252373251,0.013897864495201211,0.11691244504330896,0.07092984393153708,0.01563443815713973
yelp2018,LightCCN-full,,4,val-best-recall@20,320,dep__yelp2018__sef.sm.B__L4__val,0.013734024627016441,0.042527487185522926,0.008880024639413632,0.021367706897592275,0.04038996847581754,0.010605299237391085,0.03696282912267813,0.04265046947048021,0.01263889376866306,0.06288632564116006,0.05194777401008419,0.014391863600035892,0.12040241137278004,0.07321522843438155,0.016164203341114597
yelp2018,LightCCN-full,,5,val-best-recall@20,420,dep__yelp2018__sef.sm.B__L5__val,0.013716547545774423,0.04209951627066913,0.008744677117314907,0.020999353366713235,0.039883008063347436,0.010393201759561375,0.03695338860679456,0.04235016197588459,0.012474652535848533,0.06281041375830457,0.05171637117155797,0.014229873236147602,0.12038239921695883,0.07298708137154782,0.01600911735293972
yelp2018,LightCCN-full,,5,val-best-recall@20,420,dep__yelp2018__sef.sm.B__L5__val,0.013702624687023978,0.04208081714783435,0.008740748030028339,0.020998501094342963,0.039869381586607515,0.010392160364540541,0.03693776725496632,0.042342138549513124,0.01247240681350882,0.06280212180195112,0.05171075209520634,0.014228710083595603,0.12038798545667732,0.0729875408169732,0.01600850759688955
yelp2018,LightCCN-full,,6,val-best-recall@20,350,dep__yelp2018__sef.sm.B__L6__val,0.013614534641118631,0.04212070395481878,0.00883324620651701,0.020984554188549765,0.039897572083461126,0.010494246586784065,0.03685153181801336,0.042425617352763206,0.012570202108230703,0.06300522766574952,0.05181955017351604,0.014332973917119365,0.12089598488642694,0.07320530401336864,0.016117271988631554
yelp2018,LightCCN-full,,6,test-frame,390,dep__yelp2018__sef.sm.B__L6__tst,0.013940786437215894,0.042434343056406726,0.008917104243440842,0.021279630709527323,0.040058593317556936,0.010576117506861141,0.037327357014144864,0.042726032818617345,0.012672529031242578,0.06303006679089307,0.05199280089112653,0.014408046653036853,0.12169999006205637,0.0736934350401264,0.01622179699414046
yelp2018,LightGCN,,,test-frame,280,lightgcn__yelp2018,0.013449917134244295,0.04134977984903407,,0.020925812406210303,0.039395509824079564,,0.036826664045681363,0.04210981660631175,,0.06315192779259028,0.05167958894042212,,0.12189349091144568,0.0734076141940042,
yelp2018,LightGCN,,1,test-frame,150,dep__yelp2018__lightgcn__L1__tst,0.01165364454912954,0.0358430988296942,0.007504284025252201,0.018121768441964173,0.034144639644612666,0.008965069623071217,0.032321080161954695,0.0365873852876345,0.010807984887297428,0.055287283649921026,0.04502315056910572,0.012360749821204772,0.1093373382231299,0.06519947043689231,0.014025436430797787
yelp2018,LightGCN,,1,val-best-recall@20,150,dep__yelp2018__lightgcn__L1__val,0.011745992991058465,0.03594540973622117,0.007447856184564689,0.01799100559458177,0.03394254694089115,0.008852885990809333,0.03207504214808856,0.03634700817086591,0.010685009347406618,0.05549008969343102,0.0449455241741152,0.01227045198473745,0.1084618687503984,0.06469235448589947,0.013908273482378044
yelp2018,LightGCN,,2,test-frame,260,dep__yelp2018__lightgcn__L2__tst,0.012680724749204446,0.03901407650519749,0.008211680802082401,0.019695938905110198,0.037265941045498595,0.009793494248433988,0.035135899861050174,0.04001784398351127,0.011804119417529998,0.06066040059571511,0.049418825379000234,0.013526408111071593,0.11598558057037602,0.06996878248890155,0.015240841679287579
yelp2018,LightGCN,,2,val-best-recall@20,180,dep__yelp2018__lightgcn__L2__val,0.012908310047047261,0.03964634591395869,0.008311442303135833,0.019839044983325012,0.037477125411777834,0.009874321381291889,0.03503904675339633,0.03999670427823963,0.011843648478405187,0.06015893049883301,0.049194724435710054,0.013540741695606392,0.11636956981858593,0.07002258209417536,0.015269388471127635
yelp2018,LightGCN,,3,test-frame,300,yl__yelp2018__lightgcn__L3__tst,0.013465415265030551,0.04147078987839583,0.008673247616674696,0.020932550245974787,0.039303360876860434,0.010355983605823193,0.03683133799089808,0.0420906605575694,0.01242692205119424,0.06273653084796267,0.05141476644029595,0.014186208068243224,0.12157647233357158,0.07323095896709253,0.015999846108438645
yelp2018,LightGCN,,3,val-best-recall@20,310,yl__yelp2018__lightgcn__L3__val,0.01328035544945109,0.04070568640049616,0.008410357431336012,0.020506920539590634,0.03865047269259747,0.010039445326764877,0.036438177163913864,0.04134009473659719,0.012114017510309074,0.06231125926298583,0.05077880223657938,0.013868571757317115,0.12092492977548051,0.07255604585681225,0.015674010935926738
yelp2018,LightGCN,,4,test-frame,380,dep__yelp2018__lightgcn__L4__tst,0.01374799589929786,0.042577412441084546,0.008880541306462925,0.021360403924565306,0.04042091739987496,0.01059078024311319,0.03733093333722149,0.042937307713407494,0.012681391576242124,0.0634232832342025,0.05227686263950959,0.014447652605628147,0.12360013707042812,0.07457589959933493,0.016304824001559047
yelp2018,LightGCN,,4,val-best-recall@20,370,dep__yelp2018__lightgcn__L4__val,0.013623537056856382,0.04214890725716643,0.008675011200388901,0.020844420059153868,0.03972482245441638,0.010304337140507722,0.03659657095214114,0.042071542747046636,0.012361919058653248,0.06360331283674094,0.051998691422681965,0.014189829430327462,0.12307871777616437,0.0739682508502153,0.016025050480734482
yelp2018,LightGCN,,5,val-best-recall@20,480,dep__yelp2018__lightgcn__L5__val,0.013436451631734982,0.041805265179075755,0.008678373046794217,0.021004661144291704,0.03985543101942201,0.010393916900873015,0.03731515907655771,0.04267102599141519,0.012517663230512531,0.06375596150098298,0.052265462843130654,0.014311089413938834,0.1241888137468009,0.07459244068985851,0.01617827600799311
yelp2018,LightGCN,,6,val-best-recall@20,470,dep__yelp2018__lightgcn__L6__val,0.013508168036476675,0.04109732760780902,0.008528846206407066,0.020881563671428384,0.03903779909875569,0.010188103612407769,0.036858878687986436,0.04186562087898043,0.01226424415798145,0.06334127621532562,0.05161662437727156,0.01406074986324525,0.12299632772059077,0.07370976479026237,0.015903576665597566
yelp2018,LightGCN,,6,test-frame,600,dep__yelp2018__lightgcn__L6__tst,0.013863173375750045,0.042418638598039994,0.008872181546188893,0.021417728626891012,0.0402308539036199,0.010583928700955184,0.03781970023507076,0.04312431148989092,0.012714135430173305,0.06478912515644064,0.052966953809465034,0.014536993200104504,0.1253977219649599,0.0753779439246457,0.016406475719342426
yelp2018,mf,,,test-frame,80,mf__yelp2018,0.008681436127750857,0.02660618162622943,,0.01336051576724199,0.02525753788366083,,0.024492892891630036,0.027605234256680156,,0.043122449631762615,0.03463590166427352,,0.08778897471790521,0.05134123809841512,
yelp2018,ngcf,,,test-frame,40,ngcf__yelp2018,0.008835772802665964,0.028249272206197207,,0.013590845126584573,0.026686428508879416,,0.024683602773382402,0.02852873054323194,,0.04387050520005308,0.03558238136023493,,0.08831640574690361,0.052127508065646165,
yelp2018,ngcf,,,test-frame,120,ngcf__yelp2018,0.008663187095901156,0.027038918713795244,,0.013659276692484604,0.026066736870622987,,0.02452373144147387,0.028111835994825633,,0.04321801149063506,0.035061921086339425,,0.08919765831571684,0.05215856876644943,
yelp2018,simgcl,,,test-frame,40,simgcl__yelp2018,0.014042768680695938,0.04275083628732279,,0.021587779651284278,0.040568376354237594,,0.036871961020828424,0.042471417849768434,,0.0617449970543517,0.05135717859656902,,0.11571153074419165,0.0713286261411173,
yelp2018,simgcl,,3,val-best-recall@20,20,b2__yelp2018__simgcl__L3__val,0.015580602016930912,0.04779497410955629,0.009999776615258027,0.024120392735358084,0.04539875869405541,0.01192156054418616,0.04234518380409896,0.04837746436355611,0.01430367427269183,0.07142180374341543,0.05884005473212144,0.016269639331978097,0.13498744699938406,0.08229225146477333,0.018236558240979278
yelp2018,simgcl,,3,test-frame,60,b2__yelp2018__simgcl__L3__tst,0.014286700253091485,0.043461417037999904,0.009114801360801898,0.021831414195930984,0.041064226654989995,0.010823640584854261,0.03755461224948146,0.04324022613674808,0.012879144612539134,0.06317130525223882,0.05239636295403021,0.014614643127507435,0.11815743426869704,0.0727865607386196,0.016315003733395703
